[
{"Code": "008","Name": "Албания","Weblink": "http://www.unece.org/fileadmin/DAM/stats/profiles2015/albania.pdf"}
,{"Code": "020","Name": "Андорра","Weblink": "http://www.unece.org/fileadmin/DAM/stats/profiles2015/andorra.pdf"}
,{"Code": "031","Name": "Азербайджан","Weblink": "http://www.unece.org/fileadmin/DAM/stats/profiles2015/azerbaijan_rev.pdf"}
,{"Code": "040","Name": "Австрия","Weblink": "http://www.unece.org/fileadmin/DAM/stats/profiles2015/austria.pdf"}
,{"Code": "051","Name": "Армения","Weblink": "http://www.unece.org/fileadmin/DAM/stats/profiles2015/armenia.pdf"}
,{"Code": "056","Name": "Бельгия","Weblink": "http://www.unece.org/fileadmin/DAM/stats/profiles2015/belgium.pdf"}
,{"Code": "070","Name": "Босния и Герцеговина","Weblink": "http://www.unece.org/fileadmin/DAM/stats/profiles2015/bosnia_herzegovina.pdf"}
,{"Code": "100","Name": "Болгария","Weblink": "http://www.unece.org/fileadmin/DAM/stats/profiles2015/bulgaria.pdf"}
,{"Code": "112","Name": "Беларусь","Weblink": "http://www.unece.org/fileadmin/DAM/stats/profiles2015/belarus.pdf"}
,{"Code": "124","Name": "Канада","Weblink": "http://www.unece.org/fileadmin/DAM/stats/profiles2015/canada.pdf"}
,{"Code": "191","Name": "Хорватия","Weblink": "http://www.unece.org/fileadmin/DAM/stats/profiles2015/croatia.pdf"}
,{"Code": "196","Name": "Кипр","Weblink": "http://www.unece.org/fileadmin/DAM/stats/profiles2015/cyprus.pdf"}
,{"Code": "203","Name": "Чешская Республика","Weblink": "http://www.unece.org/fileadmin/DAM/stats/profiles2015/czech_republic.pdf"}
,{"Code": "208","Name": "Дания","Weblink": "http://www.unece.org/fileadmin/DAM/stats/profiles2015/denmark.pdf"}
,{"Code": "233","Name": "Эстония","Weblink": "http://www.unece.org/fileadmin/DAM/stats/profiles2015/estonia.pdf"}
,{"Code": "246","Name": "Финляндия","Weblink": "http://www.unece.org/fileadmin/DAM/stats/profiles2015/finland.pdf"}
,{"Code": "250","Name": "Франция","Weblink": "http://www.unece.org/fileadmin/DAM/stats/profiles2015/france.pdf"}
,{"Code": "268","Name": "Грузия","Weblink": "http://www.unece.org/fileadmin/DAM/stats/profiles2015/georgia.pdf"}
,{"Code": "276","Name": "Германия","Weblink": "http://www.unece.org/fileadmin/DAM/stats/profiles2015/germany.pdf"}
,{"Code": "300","Name": "Греция","Weblink": "http://www.unece.org/fileadmin/DAM/stats/profiles2015/greece.pdf"}
,{"Code": "348","Name": "Венгрия","Weblink": "http://www.unece.org/fileadmin/DAM/stats/profiles2015/hungary.pdf"}
,{"Code": "352","Name": "Исландия","Weblink": "http://www.unece.org/fileadmin/DAM/stats/profiles2015/iceland.pdf"}
,{"Code": "372","Name": "Ирландия","Weblink": "http://www.unece.org/fileadmin/DAM/stats/profiles2015/ireland.pdf"}
,{"Code": "376","Name": "Израиль","Weblink": "http://www.unece.org/fileadmin/DAM/stats/profiles2015/israel.pdf"}
,{"Code": "380","Name": "Италия","Weblink": "http://www.unece.org/fileadmin/DAM/stats/profiles2015/italy.pdf"}
,{"Code": "398","Name": "Казахстан","Weblink": "http://www.unece.org/fileadmin/DAM/stats/profiles2015/kazakhstan.pdf"}
,{"Code": "417","Name": "Кыргызстан","Weblink": "http://www.unece.org/fileadmin/DAM/stats/profiles2015/kyrgyzstan.pdf"}
,{"Code": "428","Name": "Латвия","Weblink": "http://www.unece.org/fileadmin/DAM/stats/profiles2015/latvia.pdf"}
,{"Code": "438","Name": "Лихтенштейн","Weblink": "http://www.unece.org/fileadmin/DAM/stats/profiles2015/liechtenstein.pdf"}
,{"Code": "440","Name": "Литва","Weblink": "http://www.unece.org/fileadmin/DAM/stats/profiles2015/lithuania.pdf"}
,{"Code": "442","Name": "Люксембург","Weblink": "http://www.unece.org/fileadmin/DAM/stats/profiles2015/luxembourg.pdf"}
,{"Code": "470","Name": "Мальта","Weblink": "http://www.unece.org/fileadmin/DAM/stats/profiles2015/malta.pdf"}
,{"Code": "492","Name": "Монако","Weblink": "http://www.unece.org/fileadmin/DAM/stats/profiles2015/monaco.pdf"}
,{"Code": "498","Name": "Молдова, республика","Weblink": "http://www.unece.org/fileadmin/DAM/stats/profiles2015/modova.pdf"}
,{"Code": "499","Name": "Черногория","Weblink": "http://www.unece.org/fileadmin/DAM/stats/profiles2015/montenegro.pdf"}
,{"Code": "528","Name": "Нидерланды","Weblink": "http://www.unece.org/fileadmin/DAM/stats/profiles2015/netherlands.pdf"}
,{"Code": "578","Name": "Норвегия","Weblink": "http://www.unece.org/fileadmin/DAM/stats/profiles2015/norway.pdf"}
,{"Code": "616","Name": "Польша","Weblink": "http://www.unece.org/fileadmin/DAM/stats/profiles2015/poland.pdf"}
,{"Code": "620","Name": "Португалия","Weblink": "http://www.unece.org/fileadmin/DAM/stats/profiles2015/portugal.pdf"}
,{"Code": "642","Name": "Румыния","Weblink": "http://www.unece.org/fileadmin/DAM/stats/profiles2015/romania.pdf"}
,{"Code": "643","Name": "Российская Федерация","Weblink": "http://www.unece.org/fileadmin/DAM/stats/profiles2015/russian_federation.pdf"}
,{"Code": "674","Name": "Сан-Марино","Weblink": "http://www.unece.org/fileadmin/DAM/stats/profiles2015/san_marino.pdf"}
,{"Code": "688","Name": "Сербия","Weblink": "http://www.unece.org/fileadmin/DAM/stats/profiles2015/serbia.pdf"}
,{"Code": "703","Name": "Словакия","Weblink": "http://www.unece.org/fileadmin/DAM/stats/profiles2015/slovakia.pdf"}
,{"Code": "705","Name": "Словения","Weblink": "http://www.unece.org/fileadmin/DAM/stats/profiles2015/slovenia.pdf"}
,{"Code": "724","Name": "Испания","Weblink": "http://www.unece.org/fileadmin/DAM/stats/profiles2015/spain.pdf"}
,{"Code": "752","Name": "Швеция","Weblink": "http://www.unece.org/fileadmin/DAM/stats/profiles2015/sweden.pdf"}
,{"Code": "756","Name": "Швейцария","Weblink": "http://www.unece.org/fileadmin/DAM/stats/profiles2015/switzerland.pdf"}
,{"Code": "762","Name": "Таджикистан","Weblink": "http://www.unece.org/fileadmin/DAM/stats/profiles2015/tajikistan.pdf"}
,{"Code": "792","Name": "Турция","Weblink": "http://www.unece.org/fileadmin/DAM/stats/profiles2015/turkey.pdf"}
,{"Code": "795","Name": "Туркменистан","Weblink": "http://www.unece.org/fileadmin/DAM/stats/profiles2015/turkmenistan.pdf"}
,{"Code": "804","Name": "Украина","Weblink": "http://www.unece.org/fileadmin/DAM/stats/profiles2015/ukraine.pdf"}
,{"Code": "807","Name": "БЮР Македония","Weblink": "http://www.unece.org/fileadmin/DAM/stats/profiles2015/TFYROM.pdf"}
,{"Code": "826","Name": "Соединенное Королевство","Weblink": "http://www.unece.org/fileadmin/DAM/stats/profiles2015/united_kingdom.pdf"}
,{"Code": "840","Name": "Соединенные Штаты Америки","Weblink": "http://www.unece.org/fileadmin/DAM/stats/profiles2015/united_states.pdf"}
,{"Code": "860","Name": "Узбекистан","Weblink": "http://www.unece.org/fileadmin/DAM/stats/profiles2015/uzbekistan.pdf"}
]