[
{"Code": "7","Domain_id": "1","Name": "ВВП в млн. долл. США с поправкой на паритет покупательной способности","GradeValues": "5000.0, 500000.0, 1000000.0, 2000000.0, 5000000.0, 10000000","GradeColors": "'#FFE6FF', '#BB70BB', '#994599', '#772477', '#550D55', '#330033'","Measure": "млн. долл. США","Note": "Значения для следующих стран отсутствуют и соответствуют предыдущему году: <I>Черногория, Российская Федерация, Туркменистан, Узбекистан</I>.<BR/><ECESEP/>Для просмотра сносок для экономических показателей нажмите <a href=http://w3.unece.org/PXWeb2015/pxweb/ru/STAT/STAT__20-ME__1-MEOV/01_ru_MECCOverviewY_r.px>здесь</a>.","SourceWebLink": "/PXWeb2015/pxweb/ru/STAT/STAT__10-CountryOverviews__01-Figures/ZZZ_ru_CoSummary_r.px","ColorScale": "B"}
,{"Code": "12","Domain_id": "1","Name": "ВВП на душу населения в долл. США с поправкой на паритет покупательной способности","GradeValues": "0.0, 3000.0, 6000.0, 9000.0, 12000.0, 15000.0, 21000.0, 27000.0, 33000.0, 40000.0","GradeColors": "'#003366', '#184E85', '#3B6FA3', '#6995C2', '#A2C1E0', '#FFE6FF', '#DA95DA', '#B655B6', '#912491', '#660066'","Measure": "долл. США","Note": "Значения для следующих стран отсутствуют и соответствуют предыдущему году: <I>Беларусь, Казахстан, Кыргызстан, Черногория, Российская Федерация, Турция, Туркменистан, Бывшая югославская Республика Македония, Соединенные Штаты Америки, Узбекистан</I>.<BR/><ECESEP/>Для просмотра сносок для экономических показателей нажмите <a href=http://w3.unece.org/PXWeb2015/pxweb/ru/STAT/STAT__20-ME__1-MEOV/01_ru_MECCOverviewY_r.px>здесь</a>.","SourceWebLink": "/PXWeb2015/pxweb/ru/STAT/STAT__10-CountryOverviews__01-Figures/ZZZ_ru_CoSummary_r.px","ColorScale": "L"}
,{"Code": "36","Domain_id": "1","Name": "Доля импорта в ВВП, %","GradeValues": "0.0, 20.0, 40.0, 60.0, 80.0","GradeColors": "'#FFE6FF', '#CC8ACC', '#994599', '#661766', '#330033'","Measure": "%","Note": "Значения для следующих стран отсутствуют и соответствуют предыдущему году: <I>Черногория, Российская Федерация</I>.<BR/><ECESEP/>Для просмотра сносок по экономическим показателям нажмите <a href=http://w3.unece.org/PXWeb2015/pxweb/ru/STAT/STAT__20-ME__1-MEOV/01_ru_MECCOverviewY_r.px>здесь</a>.","SourceWebLink": "/PXWeb2015/pxweb/ru/STAT/STAT__10-CountryOverviews__01-Figures/ZZZ_ru_CoSummary_r.px","ColorScale": "L"}
,{"Code": "11","Domain_id": "1","Name": "Доля промышленности в ВВП, %","GradeValues": "5.0, 10.0, 15.0, 20.0, 25.0, 30.0","GradeColors": "'#FFE6FF', '#D69AD6', '#AD5EAD', '#853085', '#5C115C', '#330033'","Measure": "%","Note": "Значения для следующих стран отсутствуют и соответствуют предыдущему году: <I>Исландия, Черногория, Швейцария</I>.<BR/><ECESEP/>Для просмотра сносок для экономических показателей нажмите <a href=http://w3.unece.org/PXWeb2015/pxweb/ru/STAT/STAT__20-ME__1-MEOV/01_ru_MECCOverviewY_r.px>здесь</a>.","SourceWebLink": "/PXWeb2015/pxweb/ru/STAT/STAT__10-CountryOverviews__01-Figures/ZZZ_ru_CoSummary_r.px","ColorScale": "L"}
,{"Code": "6","Domain_id": "1","Name": "Доля сельского хозяйства в ВВП, %","GradeValues": "0.0, 3.0, 7.0, 10.0, 14.0, 18.0","GradeColors": "'#FFE6FF', '#DDA6DD', '#B061B0', '#8E398E', '#601360', '#330033'","Measure": "%","Note": "Значения для следующих стран отсутствуют и соответствуют предыдущему году: <I>Исландия, Черногория, Швейцария</I>.<BR/><ECESEP/>Для просмотра сносок для экономических показателей нажмите <a href=http://w3.unece.org/PXWeb2015/pxweb/ru/STAT/STAT__20-ME__1-MEOV/01_ru_MECCOverviewY_r.px>здесь</a>. ","SourceWebLink": "/PXWeb2015/pxweb/ru/STAT/STAT__10-CountryOverviews__01-Figures/ZZZ_ru_CoSummary_r.px","ColorScale": "L"}
,{"Code": "8","Domain_id": "1","Name": "Доля строительства в ВВП, %","GradeValues": "0.0, 2.0, 5.0, 7.0, 10.0","GradeColors": "'#FFE6FF', '#D69AD6', '#994599', '#701E70', '#330033'","Measure": "%","Note": "Значения для следующих стран отсутствуют и соответствуют предыдущему году: <I>Исландия, Черногория, Швейцария</I>.<BR/><ECESEP/>Для просмотра сносок для экономических показателей нажмите <a href=http://w3.unece.org/PXWeb2015/pxweb/ru/STAT/STAT__20-ME__1-MEOV/01_ru_MECCOverviewY_r.px>здесь</a>.","SourceWebLink": "/PXWeb2015/pxweb/ru/STAT/STAT__10-CountryOverviews__01-Figures/ZZZ_ru_CoSummary_r.px","ColorScale": "L"}
,{"Code": "14","Domain_id": "1","Name": "Доля торговли, гостиничных услуг, транспорта и связи в ВВП, %","GradeValues": "12.0, 16.0, 21.0, 25.0, 30.0","GradeColors": "'#FFE6FF', '#D293D2', '#994599', '#6C1B6C', '#330033'","Measure": "%","Note": "Значения для следующих стран отсутствуют и соответствуют предыдущему году: <I>Исландия, Черногория, Швейцария</I>.<BR/><ECESEP/>Для просмотра сносок для экономических показателей нажмите <a href=http://w3.unece.org/PXWeb2015/pxweb/ru/STAT/STAT__20-ME__1-MEOV/01_ru_MECCOverviewY_r.px>здесь</a>.","SourceWebLink": "/PXWeb2015/pxweb/ru/STAT/STAT__10-CountryOverviews__01-Figures/ZZZ_ru_CoSummary_r.px","ColorScale": "L"}
,{"Code": "9","Domain_id": "1","Name": "Доля финансовых и деловых услуг в ВВП, %","GradeValues": "0.0, 7.0, 15.0, 22.0, 30.0","GradeColors": "'#FFE6FF', '#CF8FCF', '#994599', '#691969', '#330033'","Measure": "%","Note": "Значения для следующих стран отсутствуют и соответствуют предыдущему году: <I>Исландия, Черногория, Швейцария</I>.<BR/><ECESEP/>Для просмотра сносок для экономических показателей нажмите <a href=http://w3.unece.org/PXWeb2015/pxweb/ru/STAT/STAT__20-ME__1-MEOV/01_ru_MECCOverviewY_r.px>здесь</a>.","SourceWebLink": "/PXWeb2015/pxweb/ru/STAT/STAT__10-CountryOverviews__01-Figures/ZZZ_ru_CoSummary_r.px","ColorScale": "L"}
,{"Code": "4","Domain_id": "1","Name": "Доля экспорта в ВВП, %","GradeValues": "0.0, 20.0, 50.0, 70.0, 100.0","GradeColors": "'#FFE6FF', '#D69AD6', '#994599', '#701E70', '#330033'","Measure": "%","Note": "Значения для следующих стран отсутствуют и соответствуют предыдущему году: <I>Черногория, Российская Федерация</I>.<BR/><ECESEP/>Для просмотра сносок для экономических показателей нажмите <a href=http://w3.unece.org/PXWeb2015/pxweb/ru/STAT/STAT__20-ME__1-MEOV/01_ru_MECCOverviewY_r.px>здесь</a>.","SourceWebLink": "/PXWeb2015/pxweb/ru/STAT/STAT__10-CountryOverviews__01-Figures/ZZZ_ru_CoSummary_r.px","ColorScale": "L"}
,{"Code": "1","Domain_id": "1","Name": "Индекс потребительских цен, темпы роста","GradeValues": "-2.0, -1.7, -1.3, -0.9, -0.5, 0.0, 2.0, 5.0, 7.0, 10.0","GradeColors": "'#003366', '#11477D', '#31669C', '#5C8BBA', '#92B6D9', '#FFE6FF', '#D69AD6', '#994599', '#701E70', '#330033'","Measure": "%","Note": "Значения для следующих стран отсутствуют и соответствуют предыдущему году: <I>Российская Федерация</I>.<BR/><ECESEP/>Для просмотра сносок для экономических показателей нажмите <a href=http://w3.unece.org/PXWeb2015/pxweb/ru/STAT/STAT__20-ME__1-MEOV/01_ru_MECCOverviewY_r.px>здесь</a>.","SourceWebLink": "/PXWeb2015/pxweb/ru/STAT/STAT__10-CountryOverviews__01-Figures/ZZZ_ru_CoSummary_r.px","ColorScale": "L"}
,{"Code": "5","Domain_id": "1","Name": "Расходы на конечное потребление на душу населения в долл. США с поправкой  на паритет покупательной способности","GradeValues": "1000.0, 8000.0, 15000.0, 22000.0, 30000.0","GradeColors": "'#FFE6FF', '#CE8CCE', '#9D499D', '#6B1B6B', '#330033'","Measure": "USD","Note": "Значения для следующих стран отсутствуют и соответствуют предыдущему году: <I>Беларусь, Казахстан, Кыргызстан, Черногория, Российская Федерация, Турция, Бывшая югославская Республика Македония, Соединенные Штаты Америки</I>.<BR/><ECESEP/>Для просмотра сносок для экономических показателей нажмите <a href=http://w3.unece.org/PXWeb2015/pxweb/ru/STAT/STAT__20-ME__1-MEOV/01_ru_MECCOverviewY_r.px>здесь</a>.","SourceWebLink": "/PXWeb2015/pxweb/ru/STAT/STAT__10-CountryOverviews__01-Figures/ZZZ_ru_CoSummary_r.px","ColorScale": "L"}
,{"Code": "35","Domain_id": "1","Name": "Уровень безработицы среди молодежи, %","GradeValues": "0.0, 7.0, 15.0, 22.0, 30.0","GradeColors": "'#FFE6FF', '#CF8FCF', '#994599', '#691969', '#330033'","Measure": "%","Note": "Значения для следующих стран отсутствуют и соответствуют предыдущему году: <I>Канада, Израиль</I>.<BR/><ECESEP/>Для просмотра сносок по безработице среди молодежи нажмите <a href=http://w3.unece.org/PXWeb2015/pxweb/ru/STAT/STAT__30-GE__03-WorkAndeconomy/012_ru_GEWEUnEmploy_r.px>здесь</a>.","SourceWebLink": "/PXWeb2015/pxweb/ru/STAT/STAT__10-CountryOverviews__01-Figures/ZZZ_ru_CoSummary_r.px","ColorScale": "L"}
,{"Code": "43","Domain_id": "1","Name": "Уровень безработицы, %","GradeValues": "0.0, 4.0, 8.0, 12.0, 16.0, 20.0","GradeColors": "'#FFE6FF', '#D69AD6', '#AD5EAD', '#853085', '#5C115C', '#330033'","Measure": "%","Note": "Для просмотра сносок по безработице нажмите <a href=http://w3.unece.org/PXWeb2015/pxweb/ru/STAT/STAT__20-ME__3-MELF/40_ru_MEUnRateY_r.px>здесь</a>.","SourceWebLink": "/PXWeb2015/pxweb/ru/STAT/STAT__10-CountryOverviews__01-Figures/ZZZ_ru_CoSummary_r.px","ColorScale": "L"}
,{"Code": "52","Domain_id": "10","Name": "Количество пассажиро-километров (млн.), перевезенных на железных дорогах","GradeValues": "0.0, 20000.0, 50000.0, 70000.0, 100000.0","GradeColors": "'#FFE6FF', '#D69AD6', '#994599', '#701E70', '#330033'","Measure": "млн. км.","Note": "Значения для следующих стран отсутствуют и соответствуют предыдущему году: <I>Греция, Италия</I>.<BR/><ECESEP/>Источник: База данных по транспортной статистике ЕЭК ООН, составленная из национальных и международных официальных источников.<br> Для просмотра определений откройте <a href=http://live.unece.org/trans/main/wp6/publications/stats_glossary.html> Глоссарий по транспортной статистике</a>.<br>","SourceWebLink": "/PXWeb2015/pxweb/en/STAT/STAT__40-TRTRANS__03-TRRAIL/02_en_TRrailpassengerskm_r.px","ColorScale": "L"}
,{"Code": "42","Domain_id": "10","Name": "Общая протяженность железных дорог, км.","GradeValues": "0.0, 10000.0, 20000.0, 50000.0, 100000.0","GradeColors": "'#FFE6FF', '#AD5EAD', '#853085', '#5C115C', '#330033'","Measure": "км.","Note": "Значения для следующих стран отсутствуют и соответствуют предыдущему году: <I>Азербайджан, Босния и Герцеговина, Грузия, Казахстан, Кыргызстан, Молдова, республика, Норвегия, Российская Федерация, Сербия, Испания, Украина, Бывшая югославская Республика Македония</I>.<BR/><ECESEP/>Источник: База данных по транспортной статистике ЕЭК ООН, составленная из национальных и международных официальных источников.<br> Для просмотра определений откройте <a href=http://live.unece.org/trans/main/wp6/publications/stats_glossary.html>Глоссарий по транспортной статистике</a>.<br> Для просмотра сносок нажмите <a href=http://w3.unece.org/PXWeb2015/pxweb/ru/STAT/STAT__40-TRTRANS__09-TRINFRA/ZZZ_ru_TRRailIfra2_r.px>здесь</a>.","SourceWebLink": "/PXWeb2015/pxweb/ru/STAT/STAT__10-CountryOverviews__01-Figures/ZZZ_ru_CoSummary_r.px","ColorScale": "B"}
,{"Code": "53","Domain_id": "10","Name": "Общий объем железнодорожных грузоперевозок (млн. тонн-км.) за вычетом пустых частных вагонов","GradeValues": "0.0, 50000.0, 100000.0, 200000.0, 500000.0","GradeColors": "'#FFE6FF', '#AD5EAD', '#853085', '#5C115C', '#330033'","Measure": "млн. тонн-км.","Note": "Значения для следующих стран отсутствуют и соответствуют предыдущему году: <I>Италия</I>.<BR/><ECESEP/>Источник: База данных по транспортной статистике ЕЭК ООН, составленная из национальных и международных официальных источников.<br> Для просмотра определений откройте <a href=http://live.unece.org/trans/main/wp6/publications/stats_glossary.html> Глоссарий по транспортной статистике</a>.<br>","SourceWebLink": "/PXWeb2015/pxweb/en/STAT/STAT__40-TRTRANS__03-TRRAIL/ZZZ_en_TRrailtonneskm_r.px","ColorScale": "B"}
,{"Code": "47","Domain_id": "10","Name": "Плотность железных дорог, общая протяженность рабочих линий (км.) на 1000 кв. км.","GradeValues": "0.0, 50.0, 100.0, 150.0, 200.0","GradeColors": "'#FFE6FF', '#CC8ACC', '#994599', '#661766', '#330033'","Measure": "км./1000 кв. км.","Note": "Значения для следующих стран отсутствуют и соответствуют предыдущему году: <I>Азербайджан, Италия, Молдова, республика, Норвегия, Испания, Бывшая югославская Республика Македония</I>.<BR/><ECESEP/>Источник: База данных по транспортной статистике ЕЭК ООН, составленная из национальных и международных официальных источников.<br> Для просмотра определений откройте <a href=http://live.unece.org/trans/main/wp6/publications/stats_glossary.html> Глоссарий по транспортной статистике</a>.<br>","SourceWebLink": "/PXWeb2015/pxweb/en/STAT/STAT__40-TRTRANS__09-TRINFRA/ZZZ_en_TRRWDensity_r.px","ColorScale": "L"}
,{"Code": "55","Domain_id": "11","Name": "Общий объем грузоперевозок по внутренним водным путям, млн. тонн-км.","GradeValues": "0.0, 5000.0, 10000.0, 20000.0, 40000.0","GradeColors": "'#FFE6FF', '#AD5EAD', '#853085', '#5C115C', '#330033'","Measure": "млн. тонн-км.","Note": "Значения для следующих стран отсутствуют и соответствуют предыдущему году: <I>Бельгия, Казахстан, Кыргызстан, Молдова, республика, Нидерланды, Российская Федерация, Сербия, Швейцария, Украина, Соединенные Штаты Америки</I>.<BR/><ECESEP/>Источник: База данных по транспортной статистике ЕЭК ООН, составленная из национальных и международных официальных источников.<br> Для просмотра определений откройте <a href=http://live.unece.org/trans/main/wp6/publications/stats_glossary.html> Глоссарий по транспортной статистике</a>.<br>","SourceWebLink": "/PXWeb2015/pxweb/en/STAT/STAT__40-TRTRANS__06-TRInlWater/ZZZ_en_TRInlWaterTonKm_r.px","ColorScale": "B"}
,{"Code": "56","Domain_id": "12","Name": "Общий объем грузоперевозок по трубопроводам, 1000 тонн","GradeValues": "2000.0, 20000.0, 50000.0, 70000.0, 100000.0","GradeColors": "'#FFE6FF', '#DAA0DA', '#9B479B', '#711F71', '#330033'","Measure": "1000 тонн","Note": "Значения для следующих стран отсутствуют и соответствуют предыдущему году: <I>Литва</I>.<BR/><ECESEP/>Источник: База данных по транспортной статистике ЕЭК ООН, составленная из национальных и международных официальных источников.<br> Для просмотра определений откройте <a href=http://live.unece.org/trans/main/wp6/publications/stats_glossary.html> Глоссарий по транспортной статистике</a>.<br>","SourceWebLink": "/PXWeb2015/pxweb/en/STAT/STAT__40-TRTRANS__08-TRPipeline/ZZZ_en_TRPipelineGoods_r.px","ColorScale": "L"}
,{"Code": "240","Domain_id": "14","Name": "Доля женщин, работающих по найму в несельскохозяйственном секторе, %","GradeValues": "20.0, 30.0, 40.0, 50.0","GradeColors": "'#FFE6FF', '#BB70BB', '#772477', '#330033'","Measure": "%","Note": "Доля женщин, работающих по найму в несельскохозяйственном секторе, — это доля трудящихся женщин в несельскохозяйственном секторе, выражаемая в виде процента от общей численности всех занятых в этом секторе.","SourceWebLink": "","ColorScale": "L"}
,{"Code": "280","Domain_id": "14","Name": "Доля защищенных земельных и морских территорий в общей площади территории, %","GradeValues": "0.0, 5.0, 10.0, 15.0, 20.0","GradeColors": "'#FFE6FF', '#CC8ACC', '#994599', '#661766', '#330033'","Measure": "%","Note": "Этот показатель определяет процентное отношение защищенных земельных и морских территорий к общей площади территории.","SourceWebLink": "","ColorScale": "L"}
,{"Code": "220","Domain_id": "14","Name": "Коэффициент занятости населения, всего (%)","GradeValues": "30.0, 40.0, 50.0, 60.0","GradeColors": "'#FFE6FF', '#BB70BB', '#772477', '#330033'","Measure": "%","Note": "Значения для следующих стран отсутствуют и соответствуют предыдущему году: <I>Азербайджан, Армения</I>.<BR/><ECESEP/>Коэффициент занятости населения есть отношение трудоспособного населения к занятому. Трудоспособное население определяется как люди 15 лет и старше.","SourceWebLink": "","ColorScale": "L"}
,{"Code": "260","Domain_id": "14","Name": "Коэффициент материнской смертности на 100 000 живорождений","GradeValues": "0.0, 10.0, 20.0, 30.0, 40.0","GradeColors": "'#FFE6FF', '#CE8CCE', '#9C489C', '#6B1A6B', '#390239'","Measure": "-","Note": "Значения для следующих стран отсутствуют и соответствуют предыдущему году: <I>Черногория, Румыния, Таджикистан</I>.<BR/><ECESEP/>Коэффициент материнской смертности — это число случаев смерти женщин в связи с беременностью (либо по причинам, усугубляемым беременностью) или вследствие ненадлежащего ведения беременности (за исключением несчастных случаев или каких-либо других непредвиденных причин), в период беременности и во время родов либо в течение 42 дней после разрешения от беременности,  независимо от срока и места, где проходила беременность (в расчете на 100 000 живорождений).","SourceWebLink": "","ColorScale": "L"}
,{"Code": "250","Domain_id": "14","Name": "Коэффициент смертности на 1000 живорождений в возрасте до 5 лет","GradeValues": "2.0, 5.0, 10.0, 20.0, 40.0","GradeColors": "'#FFE6FF', '#AD5EAD', '#853085', '#5C115C', '#330033'","Measure": "-","Note": "Коэффициент смертности детей в возрасте до пяти лет — показатель вероятности (в расчете на 1000 живорождений) наступления смерти ребенка с момента рождения в каком-либо конкретном году до достижения им 5-летнего возраста, если рассчиты- вать данный коэффициент в увязке с текущими ко- эффициентами смертности с разбивкой по возраст- ным группам.","SourceWebLink": "","ColorScale": "B"}
,{"Code": "210","Domain_id": "14","Name": "Население, живущее за национальной чертой бедности, определяющей базовые потребности (%)","GradeValues": "0.0, 10.0, 20.0, 30.0","GradeColors": "'#FFE6FF', '#BB70BB', '#772477', '#330033'","Measure": "%","Note": "Определение показателя:<br>Доля населения, живущего за национальной чертой бедности, в  домохозяйствах которого среднесуточное потребление (или доход) на человека ниже стоимости местных базовых потребностей. Они включают пищевые и непищевые товары, необходимые для удовлетворения базовых потребностей.","SourceWebLink": "","ColorScale": "L"}
,{"Code": "200","Domain_id": "14","Name": "Население, живущее на 1 долл. США (ППС) и меньше в день, %","GradeValues": "0.0, 2.0, 5.0, 7.0, 10.0","GradeColors": "'#FFE6FF', '#D69AD6', '#994599', '#701E70', '#330033'","Measure": "%","Note": "Значения для следующих стран отсутствуют и соответствуют предыдущему году: <I>Албания, Азербайджан, Армения, Хорватия, Литва</I>.<BR/><ECESEP/>Определение показателя:<br>Доля населения в домохозяйствах, живущих ниже международного уровня бедности, в которых среднее суточное потребление (или доход) на человека  меньше $1.25, измеряемое в международных ценах 2005 г. с поправкой на ППС.","SourceWebLink": "","ColorScale": "L"}
,{"Code": "270","Domain_id": "14","Name": "Уровень заболеваемости туберкулезом на 100 0000 человек (на середину года)","GradeValues": "0.0, 10.0, 30.0, 60.0, 120.0","GradeColors": "'#FFE6FF', '#AD5EAD', '#853085', '#5C115C', '#330033'","Measure": "заболеваний/100 000 чел.","Note": "Уровень заболеваемости туберкулезом — это число случаев заболевания туберкулезом в расчете на 100 000 человек.","SourceWebLink": "","ColorScale": "B"}
,{"Code": "290","Domain_id": "14","Name": "Число абонентов сотовой связи на 100 человек","GradeValues": "70.0, 90.0, 110.0, 130.0, 150.0","GradeColors": "'#FFE6FF', '#CC8ACC', '#994599', '#661766', '#330033'","Measure": "абон./100 чел.","Note": "Значения для следующих стран отсутствуют и соответствуют предыдущему году: <I>Сербия</I>.<BR/><ECESEP/>Термин  абоненты сотовой связи означает пользователей сотовых телефонов, которые являются абонентами службы подвижной телефонной связи общего пользования, обеспечивающей доступ к телефонной сети общего пользования на основе сотовой технологии.","SourceWebLink": "","ColorScale": "L"}
,{"Code": "230","Domain_id": "14","Name": "Чистый коэффициент охвата начальным образованием, оба пола (%)","GradeValues": "86.0, 90.0, 94.0, 99.0","GradeColors": "'#FFE6FF', '#C078C0', '#812D81', '#330033'","Measure": "%","Note": "Чистый коэффициент охвата начальным образованием — это процентное соотношение между числом детей, достигших официально установленного школьного возраста (как он определяется в соответствующей национальной системе образования) и поступивших в начальную школу, к общему числу детей официального школьного возраста.","SourceWebLink": "","ColorScale": "L"}
,{"Code": "318","Domain_id": "17","Name": "Доля домохозяйств, состоящих из одного человека, в общем количестве домохозяйств, %","GradeValues": "0.0, 10.0, 20.0, 30.0, 40.0","GradeColors": "'#FFE6FF', '#CC8ACC', '#994599', '#661766', '#330033'","Measure": "%","Note": "Значения для следующих стран отсутствуют и соответствуют предыдущему году: <I>Албания, Болгария, Канада, Хорватия, Кипр, Греция, Венгрия, Казахстан, Латвия, Литва, Люксембург, Черногория, Польша, Португалия, Румыния, Сербия, Словакия, Словения, Испания, Швейцария, Таджикистан</I>.<BR/><ECESEP/>Для просмотра сносок по домохозяйствам нажмите <a href=http://w3.unece.org/PXWeb2015/pxweb/ru/STAT/STAT__30-GE__02-Families_households/08_ru_GEFHPrivHouse_r.px>здесь</a>.","SourceWebLink": "/PXWeb2015/pxweb/ru/STAT/STAT__30-GE__02-Families_households/08_ru_GEFHPrivHouse_r.px","ColorScale": "L"}
,{"Code": "303","Domain_id": "17","Name": "Средний возраст женщины при вступлении в первый брак","GradeValues": "20.0, 23.0, 26.0, 29.0, 32.0","GradeColors": "'#FFE6FF', '#CC8ACC', '#994599', '#661766', '#330033'","Measure": "лет","Note": "Значения для следующих стран отсутствуют и соответствуют предыдущему году: <I>Австрия, Бельгия, Кипр, Дания, Финляндия, Германия, Греция, Италия, Люксембург, Нидерланды, Норвегия, Португалия, Испания, Швейцария, Турция, Соединенные Штаты Америки</I>.<BR/><ECESEP/>Средний возраст женщины при вступлении в первый брак - среднее взвешенное значение различных возрастов (ограниченных возрастом в 50 лет), с использованием коэффициентов брачности для соответствующих возрастов в качестве веса только для первых браков.","SourceWebLink": "/PXWeb2015/pxweb/ru/STAT/STAT__30-GE__02-Families_households/052_ru_GEFHAge1stMarige_r.px","ColorScale": "L"}
,{"Code": "300","Domain_id": "17","Name": "Средний возраст мужчины при вступлении в первый брак","GradeValues": "25.0, 27.0, 30.0, 32.0, 35.0","GradeColors": "'#FFE6FF', '#D69AD6', '#994599', '#701E70', '#330033'","Measure": "лет","Note": "Значения для следующих стран отсутствуют и соответствуют предыдущему году: <I>Австрия, Бельгия, Кипр, Дания, Финляндия, Германия, Греция, Италия, Люксембург, Нидерланды, Норвегия, Португалия, Испания, Швейцария, Турция, Соединенные Штаты Америки</I>.<BR/><ECESEP/>Средний возраст мужчины при вступлении в первый брак - среднее взвешенное значение различных возрастов (ограниченных возрастом в 50 лет), с использованием коэффициентов брачности для соответствующих возрастов в качестве веса только для первых браков.","SourceWebLink": "/PXWeb2015/pxweb/ru/STAT/STAT__30-GE__02-Families_households/052_ru_GEFHAge1stMarige_r.px","ColorScale": "L"}
,{"Code": "30","Domain_id": "18","Name": "Доля женщин в рабочей силе, %","GradeValues": "20.0, 26.0, 33.0, 40.0, 45.0, 50.0","GradeColors": "'#003366', '#285E94', '#76A0C9', '#FFE6FF', '#994599', '#330033'","Measure": "%","Note": "Значения для следующих стран отсутствуют и соответствуют предыдущему году: <I>Босния и Герцеговина, Казахстан, Кыргызстан, Молдова, республика</I>.<BR/><ECESEP/>Для просмотра сносок по занятости по экономическим секторам нажмите <a href=http://w3.unece.org/PXWeb2015/pxweb/ru/STAT/STAT__20-ME__3-MELF/20_ru_MEEmpNaceA6Y_r.px>здесь</a>.","SourceWebLink": "/PXWeb2015/pxweb/ru/STAT/STAT__10-CountryOverviews__01-Figures/ZZZ_ru_CoSummary_r.px","ColorScale": "L"}
,{"Code": "313","Domain_id": "18","Name": "Доля женщин среди работодателей, %","GradeValues": "5.0, 10.0, 15.0, 20.0, 25.0, 30.0","GradeColors": "'#FFE6FF', '#D69AD6', '#AD5EAD', '#853085', '#5C115C', '#330033'","Measure": "%","Note": "Значения для следующих стран отсутствуют и соответствуют предыдущему году: <I>Норвегия</I>.<BR/><ECESEP/>Работодатели - работники, которые располагают рабочими местами для самозанятости и, которые наняли на постоянной основе одного или более человек для работы по найму в своем деле.","SourceWebLink": "/PXWeb2015/pxweb/ru/STAT/STAT__30-GE__03-WorkAndeconomy/007_ru_GEWEEmployStatus_r.px","ColorScale": "L"}
,{"Code": "21","Domain_id": "18","Name": "Разница в оплате труда между мужчинами и женщинами в месячной ставке, %","GradeValues": "0.0, 10.0, 20.0, 30.0, 40.0","GradeColors": "'#E6F2FF', '#92B6D9', '#5081B3', '#20568C', '#003366'","Measure": "%","Note": "Значения для следующих стран отсутствуют и соответствуют предыдущему году: <I>Бельгия, Хорватия, Италия, Молдова, республика, Российская Федерация, Испания, Таджикистан</I>.<BR/><ECESEP/>Для просмотра сносок по разнице в оплате труда между мужчинами и женщинами в месячной ставке нажмите <a href=http://w3.unece.org/PXWeb2015/pxweb/ru/STAT/STAT__30-GE__03-WorkAndeconomy/017_ru_GE_GPG2_r.px>здесь</a>.","SourceWebLink": "/PXWeb2015/pxweb/ru/STAT/STAT__30-GE__03-WorkAndeconomy/017_ru_GE_GPG2_r.px","ColorScale": "L"}
,{"Code": "314","Domain_id": "18","Name": "Уровень безработицы, женщины, %","GradeValues": "0.0, 5.0, 10.0, 15.0, 20.0","GradeColors": "'#FFE6FF', '#CC8ACC', '#994599', '#661766', '#330033'","Measure": "%","Note": "Значения для следующих стран отсутствуют и соответствуют предыдущему году: <I>Албания, Беларусь, Казахстан, Черногория</I>.<BR/><ECESEP/>Безработным является человек старше определенного возраста, который в рассматриваемый период времени:<br> (a) без работы, т.е. не находится в оплачиваемом найме или не занят в собственном деле, и<br> (b) в состоянии работать, т.е. пригоден для оплачиваемого найма или работы в собственном деле в рассматриваемый период времени, и<br> (c) ищет работу , т.е. предпринял определенные шаги в определенный период времени для поиска оплачиваемого найма или работы в собственном деле.","SourceWebLink": "/PXWeb2015/pxweb/ru/STAT/STAT__30-GE__03-WorkAndeconomy/012_ru_GEWEUnEmploy_r.px","ColorScale": "L"}
,{"Code": "315","Domain_id": "18","Name": "Уровень безработицы, мужчины, %","GradeValues": "0.0, 5.0, 10.0, 15.0, 20.0","GradeColors": "'#FFE6FF', '#CC8ACC', '#994599', '#661766', '#330033'","Measure": "%","Note": "Значения для следующих стран отсутствуют и соответствуют предыдущему году: <I>Албания, Беларусь, Казахстан, Черногория</I>.<BR/><ECESEP/>Безработным является человек старше определенного возраста, который в рассматриваемый период времени:<br> (a) без работы, т.е. не находится в оплачиваемом найме или не занят в собственном деле, и<br> (b) в состоянии работать, т.е. пригоден для оплачиваемого найма или работы в собственном деле в рассматриваемый период времени, и<br> (c) ищет работу , т.е. предпринял определенные шаги в определенный период времени для поиска оплачиваемого найма или работы в собственном деле.","SourceWebLink": "/PXWeb2015/pxweb/ru/STAT/STAT__30-GE__03-WorkAndeconomy/012_ru_GEWEUnEmploy_r.px","ColorScale": "L"}
,{"Code": "308","Domain_id": "19","Name": "Доля женщин с высшим образованием, %","GradeValues": "5.0, 10.0, 20.0, 30.0, 50.0","GradeColors": "'#FFE6FF', '#E8BAE8', '#BB70BB', '#8E398E', '#330033'","Measure": "%","Note": "Значения для следующих стран отсутствуют и соответствуют предыдущему году: <I>Хорватия, Литва, Польша, Словакия</I>.<BR/><ECESEP/>Образовательная подготовка - наиболее высокий уровень, успешно достигнутый человеком, в системе образования страны, в которой образование было получено. Уровни образования определяются в соответствии с МСКО 1997 года.","SourceWebLink": "/PXWeb2015/pxweb/ru/STAT/STAT__30-GE__04-EducatAndcommunicat/003_ru_GEECEduAttainmSPN_r.px","ColorScale": "L"}
,{"Code": "18","Domain_id": "19","Name": "Доля женщин среди студентов учебных заведений третичного образования, %","GradeValues": "20.0, 30.0, 40.0, 50.0, 55.0, 60.0","GradeColors": "'#003366', '#2E6399', '#7AA3CC', '#FFE6FF', '#994599', '#330033'","Measure": "%","Note": "Значения для следующих стран отсутствуют и соответствуют предыдущему году: <I>Канада, Хорватия</I>.<BR/><ECESEP/>Для просмотра сносок по студентам учебных заведений третичного образования нажмите <a href=http://w3.unece.org/PXWeb2015/pxweb/ru/STAT/STAT__30-GE__04-EducatAndcommunicat/006_ru_GEECTertStud_r.px>здесь</a>. Данные относятся к учебному году. Например, указанный в названии 2012 г. соответствует учебному году 2012-2013.","SourceWebLink": "/PXWeb2015/pxweb/ru/STAT/STAT__10-CountryOverviews__01-Figures/ZZZ_ru_CoSummary_r.px","ColorScale": "L"}
,{"Code": "309","Domain_id": "19","Name": "Доля мужчин с высшим образованием, %","GradeValues": "5.0, 10.0, 20.0, 30.0, 50.0","GradeColors": "'#FFE6FF', '#E8BAE8', '#BB70BB', '#8E398E', '#330033'","Measure": "%","Note": "Значения для следующих стран отсутствуют и соответствуют предыдущему году: <I>Хорватия, Литва, Польша, Словакия</I>.<BR/><ECESEP/>Образовательная подготовка - наиболее высокий уровень, успешно достигнутый человеком, в системе образования страны, в которой образование было получено. Уровни образования определяются в соответствии с МСКО 1997 года.","SourceWebLink": "/PXWeb2015/pxweb/ru/STAT/STAT__30-GE__04-EducatAndcommunicat/003_ru_GEECEduAttainmSPN_r.px","ColorScale": "L"}
,{"Code": "15","Domain_id": "2","Name": "Подростковая рождаемость, рожд./1000 женщ.","GradeValues": "0.0, 7.0, 15.0, 22.0, 30.0","GradeColors": "'#FFE6FF', '#CF8FCF', '#994599', '#691969', '#330033'","Measure": "рожд./1000 женщ.","Note": "Значения для следующих стран отсутствуют и соответствуют предыдущему году: <I>Армения, Грузия, Израиль, Казахстан, Российская Федерация, Таджикистан</I>.<BR/><ECESEP/>Для просмотра сносок по подростковой рождаемости нажмите <a href=http://w3.unece.org/PXWeb2015/pxweb/ru/STAT/STAT__30-GE__02-Families_households/02_ru_GEFHFertilityRate_r.px>здесь</a>.","SourceWebLink": "/PXWeb2015/pxweb/ru/STAT/STAT__10-CountryOverviews__01-Figures/ZZZ_ru_CoSummary_r.px","ColorScale": "L"}
,{"Code": "34","Domain_id": "2","Name": "Средний возраст женщины при рождении первого ребенка","GradeValues": "20.0, 22.0, 25.0, 27.0, 30.0","GradeColors": "'#FFE6FF', '#D69AD6', '#994599', '#701E70', '#330033'","Measure": "лет","Note": "Значения для следующих стран отсутствуют и соответствуют предыдущему году: <I>Дания, Финляндия, Германия, Ирландия, Люксембург, Норвегия, Португалия, Швейцария, Соединенное Королевство</I>.<BR/><ECESEP/>&nbsp;","SourceWebLink": "/PXWeb2015/pxweb/ru/STAT/STAT__10-CountryOverviews__01-Figures/ZZZ_ru_CoSummary_r.px","ColorScale": "L"}
,{"Code": "26","Domain_id": "2","Name": "Суммарный коэффициент рождаемости","GradeValues": "1.0, 1.2, 1.5, 1.8, 2.1, 2.3, 2.7, 3.0","GradeColors": "'#003366', '#154C82', '#4679AC', '#8CB0D5', '#FFE6FF', '#D293D2', '#772477', '#330033'","Measure": "детей","Note": "Значения для следующих стран отсутствуют и соответствуют предыдущему году: <I>Албания</I>.<BR/><ECESEP/>Для просмотра сносок по суммарному коэффициенту рождаемости нажмите <a href=http://w3.unece.org/PXWeb2015/pxweb/ru/STAT/STAT__30-GE__02-Families_households/02_ru_GEFHFertilityRate_r.px>здесь</a>.","SourceWebLink": "/PXWeb2015/pxweb/ru/STAT/STAT__10-CountryOverviews__01-Figures/ZZZ_ru_CoSummary_r.px","ColorScale": "L"}
,{"Code": "311","Domain_id": "20","Name": "Доля женщин среди законодателей, госслужащих высшего звена и управляющих, %","GradeValues": "0.0, 10.0, 20.0, 30.0, 40.0","GradeColors": "'#FFE6FF', '#CC8ACC', '#994599', '#661766', '#330033'","Measure": "%","Note": "Значения для следующих стран отсутствуют и соответствуют предыдущему году: <I>Азербайджан, Казахстан, Молдова, республика, Украина, Бывшая югославская Республика Македония</I>.<BR/><ECESEP/>Законодатели, госслужащие высшего звена и управляющие формируют высшую категорию в Международной стандартной классификации занятий (МСКЗ).","SourceWebLink": "/PXWeb2015/pxweb/ru/STAT/STAT__30-GE__03-WorkAndeconomy/004_ru_GEWEEmpISCO88SPN_r.px","ColorScale": "L"}
,{"Code": "19","Domain_id": "20","Name": "Доля женщин среди министров правительства, %","GradeValues": "0.0, 10.0, 20.0, 30.0, 40.0","GradeColors": "'#FFE6FF', '#CC8ACC', '#994599', '#661766', '#330033'","Measure": "%","Note": "Значения для следующих стран отсутствуют и соответствуют предыдущему году: <I>Азербайджан, Босния и Герцеговина, Болгария, Канада, Кыргызстан, Люксембург, Мальта, Польша, Румыния, Таджикистан, Бывшая югославская Республика Македония, Соединенные Штаты Америки, Узбекистан</I>.<BR/><ECESEP/>Для просмотра сносок по женщинам-министрам в правительстве нажмите <a href=http://w3.unece.org/PXWeb2015/pxweb/ru/STAT/STAT__30-GE__05-PublicAnddecision/002_ru_GEPDGovMin_r.px>здесь</a>.","SourceWebLink": "/PXWeb2015/pxweb/ru/STAT/STAT__10-CountryOverviews__01-Figures/ZZZ_ru_CoSummary_r.px","ColorScale": "L"}
,{"Code": "310","Domain_id": "20","Name": "Доля женщин среди сотрудников полиции, %","GradeValues": "0.0, 7.0, 15.0, 22.0, 30.0","GradeColors": "'#FFE6FF', '#CF8FCF', '#994599', '#691969', '#330033'","Measure": "%","Note": "Значения для следующих стран отсутствуют и соответствуют предыдущему году: <I>Чешская Республика, Германия, Исландия, Италия, Латвия, Литва, Нидерланды, Норвегия, Португалия, Сербия, Швейцария</I>.<BR/><ECESEP/>Сотрудники полиции или персонал правоохранительных органов: персонал в общественных органах, чьими главными обязанностями является предотвращение, обнаружение и расследование преступлений, а также задержание предполагаемых правонарушителей. Данные относятся, прежде всего, к полиции, а не к национальной гвардии или местному народному ополчению. Данные по службе поддержки не включены (секретариат, служащие и т.д.).","SourceWebLink": "/PXWeb2015/pxweb/ru/STAT/STAT__30-GE__05-PublicAnddecision/ZZZ_ru_GEPL_PoliceStaff_r.px","ColorScale": "L"}
,{"Code": "32","Domain_id": "20","Name": "Доля женщин среди судей, %","GradeValues": "0.0, 10.0, 30.0, 50.0, 70.0","GradeColors": "'#FFE6FF', '#E2AEE2', '#A856A8', '#6D1C6D', '#330033'","Measure": "%","Note": "Значения для следующих стран отсутствуют и соответствуют предыдущему году: <I>Кипр, Эстония, Финляндия, Израиль, Российская Федерация</I>.<BR/><ECESEP/>&nbsp;","SourceWebLink": "/PXWeb2015/pxweb/ru/STAT/STAT__10-CountryOverviews__01-Figures/ZZZ_ru_CoSummary_r.px","ColorScale": "L"}
,{"Code": "20","Domain_id": "20","Name": "Доля женщин среди членов парламента, %","GradeValues": "0.0, 10.0, 20.0, 30.0, 40.0","GradeColors": "'#FFE6FF', '#CC8ACC', '#994599', '#661766', '#330033'","Measure": "%","Note": "Значения для следующих стран отсутствуют и соответствуют предыдущему году: <I>Беларусь</I>.<BR/><ECESEP/>Для просмотра сносок по женщинам-членам парламента нажмите <a href=http://w3.unece.org/PXWeb2015/pxweb/ru/STAT/STAT__30-GE__05-PublicAnddecision/001_ru_GEPDNatParliament_r.px>здесь</a>. ","SourceWebLink": "/PXWeb2015/pxweb/ru/STAT/STAT__10-CountryOverviews__01-Figures/ZZZ_ru_CoSummary_r.px","ColorScale": "L"}
,{"Code": "31","Domain_id": "21","Name": "Доля женщин среди исследователей, %","GradeValues": "20.0, 30.0, 40.0, 50.0","GradeColors": "'#FFE6FF', '#BB70BB', '#772477', '#330033'","Measure": "%","Note": "Значения для следующих стран отсутствуют и соответствуют предыдущему году: <I>Азербайджан, Армения, Беларусь, Казахстан, Кыргызстан, Молдова, республика, Сербия, Швейцария, Таджикистан, Украина, Бывшая югославская Республика Македония</I>.<BR/><ECESEP/>&nbsp;","SourceWebLink": "/PXWeb2015/pxweb/ru/STAT/STAT__10-CountryOverviews__01-Figures/ZZZ_ru_CoSummary_r.px","ColorScale": "L"}
,{"Code": "306","Domain_id": "21","Name": "Доля женщин, использующих интернет еженедельно, %","GradeValues": "10.0, 20.0, 40.0, 60.0, 80.0","GradeColors": "'#FFE6FF', '#E2AEE2', '#A856A8', '#6D1C6D', '#330033'","Measure": "%","Note": "Значения для следующих стран отсутствуют и соответствуют предыдущему году: <I>Азербайджан, Черногория, Украина</I>.<BR/><ECESEP/>Доля людей в возрасте от 15 до 74 лет, использующих интернет по крайней мере один раз в неделю за последние три месяца, предшествующие опросу.","SourceWebLink": "/PXWeb2015/pxweb/ru/STAT/STAT__30-GE__09-Science_ICT/02_ru_GEICT_InternetUse_r.px","ColorScale": "L"}
,{"Code": "307","Domain_id": "21","Name": "Доля мужчин, использующих интернет еженедельно, %","GradeValues": "10.0, 30.0, 50.0, 70.0, 90.0","GradeColors": "'#FFE6FF', '#CC8ACC', '#994599', '#661766', '#330033'","Measure": "%","Note": "Значения для следующих стран отсутствуют и соответствуют предыдущему году: <I>Азербайджан, Черногория, Украина</I>.<BR/><ECESEP/>Доля людей в возрасте от 15 до 74 лет, использующих интернет по крайней мере один раз в неделю за последние три месяца, предшествующие опросу.","SourceWebLink": "/PXWeb2015/pxweb/ru/STAT/STAT__30-GE__09-Science_ICT/02_ru_GEICT_InternetUse_r.px","ColorScale": "L"}
,{"Code": "304","Domain_id": "22","Name": "Коэффициент охвата детей уходом за детьми, %","GradeValues": "0.0, 10.0, 20.0, 30.0, 50.0","GradeColors": "'#FFE6FF', '#D69AD6', '#AD5EAD', '#853085', '#330033'","Measure": "%","Note": "Значения для следующих стран отсутствуют и соответствуют предыдущему году: <I>Чешская Республика, Израиль</I>.<BR/><ECESEP/>Коэффициент охвата в центрах ухода за детьми - отношение количества детей в возрасте до 3-х лет, охваченных уходом за детьми, к 100 детям в той же возрастной группе. Данные берутся на начало школьного года.","SourceWebLink": "/PXWeb2015/pxweb/ru/STAT/STAT__30-GE__98-GE_LifeBalance/0104_ru_GELB_Child_CARE_r.px","ColorScale": "L"}
,{"Code": "305","Domain_id": "22","Name": "Уровень занятости женщин в возрасте 25-49 лет с ребенком младше 3 лет, %","GradeValues": "0.0, 10.0, 30.0, 50.0, 70.0","GradeColors": "'#FFE6FF', '#E2AEE2', '#A856A8', '#6D1C6D', '#330033'","Measure": "%","Note": "Уровень занятости - доля занятых в возрасте от 25 до 49 лет в населении в соответствующей возрастной группе и пола. Данные собираются согласно возрасту самого младшего ребенка, проживающего совместно в домохозяйстве. Дети, не проживающие в домохозяйстве, не принимаются во внимание.","SourceWebLink": "/PXWeb2015/pxweb/ru/STAT/STAT__30-GE__98-GE_LifeBalance/0101_ru_GEWE_EmpRatAYC_r.px","ColorScale": "L"}
,{"Code": "323","Domain_id": "23","Name": "Валовая добавленная стоимость в лесном хозяйстве, млн евро/ЭКЮ","GradeValues": "0.0, 1000.0, 2000.0, 3000.0, 5000.0","GradeColors": "'#FFE6FF', '#D69AD6', '#AD5EAD', '#853085', '#330033'","Measure": "млн евро/ЭКЮ","Note": ".","SourceWebLink": "/PXWeb2015/pxweb/ru/STAT/STAT__26-TMSTAT1__005-TM15Others/010_ru_TM15_QS_r.px","ColorScale": "L"}
,{"Code": "322","Domain_id": "23","Name": "Вывоз, 1000 м3 без коры","GradeValues": "0.0, 20000.0, 50000.0, 70000.0, 100000.0","GradeColors": "'#FFE6FF', '#D69AD6', '#994599', '#701E70', '#330033'","Measure": "1000 м3 без коры","Note": ".","SourceWebLink": "/PXWeb2015/pxweb/ru/STAT/STAT__26-TMSTAT1__005-TM15Others/010_ru_TM15_QS_r.px","ColorScale": "L"}
,{"Code": "324","Domain_id": "23","Name": "Занятость в лесном хозяйстве, тыс. чел.","GradeValues": "0.0, 50.0, 100.0, 150.0, 210.0","GradeColors": "'#FFE6FF', '#CE8ECE', '#9E4A9E', '#6D1C6D', '#330033'","Measure": "тыс. чел.","Note": ".","SourceWebLink": "/PXWeb2015/pxweb/ru/STAT/STAT__26-TMSTAT1__005-TM15Others/010_ru_TM15_QS_r.px","ColorScale": "L"}
,{"Code": "320","Domain_id": "23","Name": "Запас древесины на корню в лесах, 1000 м3 с корой","GradeValues": "0.0, 10000.0, 20000.0, 50000.0, 100000.0","GradeColors": "'#FFE6FF', '#AD5EAD', '#853085', '#5C115C', '#330033'","Measure": "1000 м3 с корой","Note": ".","SourceWebLink": "/PXWeb2015/pxweb/ru/STAT/STAT__26-TMSTAT1__005-TM15Others/010_ru_TM15_QS_r.px","ColorScale": "B"}
,{"Code": "327","Domain_id": "23","Name": "Импорт продукции лесоводства, млн евро/ЭКЮ","GradeValues": "0.0, 3000.0, 7000.0, 11000.0, 15000.0","GradeColors": "'#FFE6FF', '#D69AD6', '#A04DA0', '#691969', '#330033'","Measure": "млн евро/ЭКЮ","Note": ".","SourceWebLink": "/PXWeb2015/pxweb/ru/STAT/STAT__26-TMSTAT1__005-TM15Others/010_ru_TM15_QS_r.px","ColorScale": "L"}
,{"Code": "321","Domain_id": "23","Name": "Площадь леса с повреждением, 1000 га","GradeValues": "0.0, 500.0, 1000.0, 1500.0, 2000.0","GradeColors": "'#FFE6FF', '#CC8ACC', '#994599', '#661766', '#330033'","Measure": "1000 га","Note": ".","SourceWebLink": "/PXWeb2015/pxweb/ru/STAT/STAT__26-TMSTAT1__005-TM15Others/010_ru_TM15_QS_r.px","ColorScale": "L"}
,{"Code": "319","Domain_id": "23","Name": "Площадь лесов, 1000 га","GradeValues": "0.0, 100000.0, 200000.0, 500000.0, 1000000.0","GradeColors": "'#FFE6FF', '#AD5EAD', '#853085', '#5C115C', '#330033'","Measure": "1000 га","Note": ".","SourceWebLink": "/PXWeb2015/pxweb/ru/STAT/STAT__26-TMSTAT1__005-TM15Others/010_ru_TM15_QS_r.px","ColorScale": "B"}
,{"Code": "325","Domain_id": "23","Name": "Спрос на древесину, м3 эквивалент круглого леса на 1000 чел.","GradeValues": "0.0, 1000.0, 2000.0, 3000.0, 5000.0","GradeColors": "'#FFE6FF', '#D69AD6', '#AD5EAD', '#853085', '#330033'","Measure": "м3 эквивалент круглого леса на 1000 чел.","Note": ".","SourceWebLink": "/PXWeb2015/pxweb/ru/STAT/STAT__26-TMSTAT1__005-TM15Others/010_ru_TM15_QS_r.px","ColorScale": "L"}
,{"Code": "326","Domain_id": "23","Name": "Экспорт продукции лесоводства, млн евро/ЭКЮ","GradeValues": "0.0, 5000.0, 10000.0, 15000.0, 20000.0","GradeColors": "'#FFE6FF', '#CC8ACC', '#994599', '#661766', '#330033'","Measure": "млн евро/ЭКЮ","Note": ".","SourceWebLink": "/PXWeb2015/pxweb/ru/STAT/STAT__26-TMSTAT1__005-TM15Others/010_ru_TM15_QS_r.px","ColorScale": "L"}
,{"Code": "16","Domain_id": "4","Name": "Площадь, кв. км.","GradeValues": "0.0, 200000.0, 500000.0, 1000000.0, 2000000.0","GradeColors": "'#FFE6FF', '#AD5EAD', '#853085', '#5C115C', '#330033'","Measure": "кв. км.","Note": "&nbsp;","SourceWebLink": "/PXWeb2015/pxweb/ru/STAT/STAT__10-CountryOverviews__01-Figures/ZZZ_ru_CoSummary_r.px","ColorScale": "B"}
,{"Code": "317","Domain_id": "5","Name": "Ожидаемая продолжительность жизни в возрасте 65 лет, женщины (лет)","GradeValues": "14.0, 16.0, 18.0, 20.0, 22.0","GradeColors": "'#FFE6FF', '#CC8ACC', '#994599', '#661766', '#330033'","Measure": "лет","Note": "Значения для следующих стран отсутствуют и соответствуют предыдущему году: <I>Азербайджан, Армения, Беларусь, Грузия, Израиль, Казахстан, Таджикистан, Украина, Соединенные Штаты Америки</I>.<BR/><ECESEP/>Для просмотра сносок по ожидаемой продолжительности жизни нажмите <a href=http://w3.unece.org/PXWeb2015/pxweb/ru/STAT/STAT__30-GE__06-Health/001_ru_GEHELifeExpect_r.px>здесь</a>. ","SourceWebLink": "/PXWeb2015/pxweb/ru/STAT/STAT__30-GE__06-Health/001_ru_GEHELifeExpect_r.px","ColorScale": "L"}
,{"Code": "316","Domain_id": "5","Name": "Ожидаемая продолжительность жизни в возрасте 65 лет, мужчины (лет)","GradeValues": "10.0, 12.0, 14.0, 16.0, 18.0","GradeColors": "'#FFE6FF', '#CC8ACC', '#994599', '#661766', '#330033'","Measure": "лет","Note": "Значения для следующих стран отсутствуют и соответствуют предыдущему году: <I>Азербайджан, Армения, Беларусь, Грузия, Израиль, Казахстан, Таджикистан, Украина, Соединенные Штаты Америки</I>.<BR/><ECESEP/>Для просмотра сносок по ожидаемой продолжительности жизни нажмите <a href=http://w3.unece.org/PXWeb2015/pxweb/ru/STAT/STAT__30-GE__06-Health/001_ru_GEHELifeExpect_r.px>здесь</a>. ","SourceWebLink": "/PXWeb2015/pxweb/ru/STAT/STAT__30-GE__06-Health/001_ru_GEHELifeExpect_r.px","ColorScale": "L"}
,{"Code": "38","Domain_id": "5","Name": "Ожидаемая продолжительность жизни при рождении, женщины (лет)","GradeValues": "72.0, 75.0, 78.0, 81.0, 85.0","GradeColors": "'#FFE6FF', '#D090D0', '#A14EA1', '#722072', '#330033'","Measure": "лет","Note": "Значения для следующих стран отсутствуют и соответствуют предыдущему году: <I>Азербайджан, Армения, Беларусь, Грузия, Израиль, Казахстан, Таджикистан, Украина, Соединенные Штаты Америки</I>.<BR/><ECESEP/>Для просмотра сносок по ожидаемой продолжительности жизни нажмите <a href=http://w3.unece.org/PXWeb2015/pxweb/ru/STAT/STAT__30-GE__06-Health/001_ru_GEHELifeExpect_r.px>здесь</a>. ","SourceWebLink": "/PXWeb2015/pxweb/ru/STAT/STAT__10-CountryOverviews__01-Figures/ZZZ_ru_CoSummary_r.px","ColorScale": "L"}
,{"Code": "37","Domain_id": "5","Name": "Ожидаемая продолжительность жизни при рождении, мужчины (лет)","GradeValues": "60.0, 65.0, 70.0, 75.0, 80.0","GradeColors": "'#FFE6FF', '#CC8ACC', '#994599', '#661766', '#330033'","Measure": "лет","Note": "Значения для следующих стран отсутствуют и соответствуют предыдущему году: <I>Азербайджан, Армения, Беларусь, Грузия, Израиль, Казахстан, Таджикистан, Украина, Соединенные Штаты Америки</I>.<BR/><ECESEP/>Для просмотра сносок по ожидаемой продолжительности жизни нажмите <a href=http://w3.unece.org/PXWeb2015/pxweb/ru/STAT/STAT__30-GE__06-Health/001_ru_GEHELifeExpect_r.px>здесь</a>. ","SourceWebLink": "/PXWeb2015/pxweb/ru/STAT/STAT__10-CountryOverviews__01-Figures/ZZZ_ru_CoSummary_r.px","ColorScale": "L"}
,{"Code": "23","Domain_id": "7","Name": "Доля женщин в общей численности населения, %","GradeValues": "48.0, 49.0, 50.0, 51.0, 52.0, 53.0, 54.0","GradeColors": "'#660066', '#B350B3', '#E6F2FF', '#92B6D9', '#5081B3', '#20568C', '#003366'","Measure": "%","Note": "Значения для следующих стран отсутствуют и соответствуют предыдущему году: <I>Албания, Армения, Грузия, Израиль, Казахстан, Лихтенштейн, Российская Федерация, Таджикистан</I>.<BR/><ECESEP/>Для просмотра сносок по населению нажмите <a href=http://w3.unece.org/PXWeb2015/pxweb/ru/STAT/STAT__30-GE__01-Pop/002_ru_GEPOAggSPN_r.px>здесь</a>.","SourceWebLink": "/PXWeb2015/pxweb/ru/STAT/STAT__10-CountryOverviews__01-Figures/ZZZ_ru_CoSummary_r.px","ColorScale": "L"}
,{"Code": "25","Domain_id": "7","Name": "Общая численность населения, чел.","GradeValues": "200000.0, 20000000, 50000000, 100000000, 200000000","GradeColors": "'#FFE6FF', '#AD5EAD', '#853085', '#5C115C', '#330033'","Measure": "чел.","Note": "Значения для следующих стран отсутствуют и соответствуют предыдущему году: <I>Албания, Армения, Грузия, Израиль, Казахстан, Лихтенштейн, Российская Федерация, Таджикистан</I>.<BR/><ECESEP/>Для просмотра сносок по населению нажмите <a href=http://w3.unece.org/PXWeb2015/pxweb/ru/STAT/STAT__30-GE__01-Pop/002_ru_GEPOAggSPN_r.px>здесь</a>.","SourceWebLink": "/PXWeb2015/pxweb/ru/STAT/STAT__10-CountryOverviews__01-Figures/ZZZ_ru_CoSummary_r.px","ColorScale": "B"}
,{"Code": "22","Domain_id": "7","Name": "Плотность населения, чел. на кв. км.","GradeValues": "0.0, 50.0, 100.0, 200.0","GradeColors": "'#FFE6FF', '#994599', '#661766', '#330033'","Measure": "чел. на кв. км.","Note": "Значения для следующих стран отсутствуют и соответствуют предыдущему году: <I>Албания, Армения, Грузия, Израиль, Казахстан, Российская Федерация, Таджикистан</I>.<BR/><ECESEP/>Для просмотра сносок по населению нажмите <a href=http://w3.unece.org/PXWeb2015/pxweb/ru/STAT/STAT__30-GE__01-Pop/002_ru_GEPOAggSPN_r.px>здесь</a>.","SourceWebLink": "/PXWeb2015/pxweb/ru/STAT/STAT__10-CountryOverviews__01-Figures/ZZZ_ru_CoSummary_r.px","ColorScale": "B"}
,{"Code": "61","Domain_id": "8","Name": "Количество водителей, погибших в дорожно-транспортных происшествиях","GradeValues": "0.0, 200.0, 500.0, 1000.0, 3000.0","GradeColors": "'#FFE6FF', '#AD5EAD', '#853085', '#5C115C', '#330033'","Measure": "-","Note": "Значения для следующих стран отсутствуют и соответствуют предыдущему году: <I>Армения, Ирландия, Люксембург, Португалия, Швеция, Бывшая югославская Республика Македония</I>.<BR/><ECESEP/>Источник: База данных по транспортной статистике ЕЭК ООН, составленная из национальных и международных официальных источников.<br> Для просмотра определений откройте <a href=http://live.unece.org/trans/main/wp6/publications/stats_glossary.html> Глоссарий по транспортной статистике</a>.<br>","SourceWebLink": "/PXWeb2015/pxweb/en/STAT/STAT__40-TRTRANS__01-TRACCIDENTS/ZZZ_en_TRAccKillDriver_r.px","ColorScale": "B"}
,{"Code": "62","Domain_id": "8","Name": "Количество водителей, раненых в дорожно-транспортных происшествиях","GradeValues": "0.0, 20000.0, 50000.0, 100000.0, 200000.0","GradeColors": "'#FFE6FF', '#AD5EAD', '#853085', '#5C115C', '#330033'","Measure": "-","Note": "Значения для следующих стран отсутствуют и соответствуют предыдущему году: <I>Армения, Ирландия, Люксембург, Португалия, Швеция, Бывшая югославская Республика Македония</I>.<BR/><ECESEP/>Источник: База данных по транспортной статистике ЕЭК ООН, составленная из национальных и международных официальных источников.<br> Для просмотра определений откройте <a href=http://live.unece.org/trans/main/wp6/publications/stats_glossary.html> Глоссарий по транспортной статистике</a>.<br>","SourceWebLink": "/PXWeb2015/pxweb/en/STAT/STAT__40-TRTRANS__01-TRACCIDENTS/ZZZ_en_TRAccInjDriver_r.px","ColorScale": "B"}
,{"Code": "50","Domain_id": "8","Name": "Количество дорожно-транспортных происшествий с участием одного или более человек под влиянием алкоголя","GradeValues": "0.0, 10000.0, 20000.0, 50000.0, 100000.0","GradeColors": "'#FFE6FF', '#AD5EAD', '#853085', '#5C115C', '#330033'","Measure": "-","Note": "Значения для следующих стран отсутствуют и соответствуют предыдущему году: <I>Молдова, республика, Турция</I>.<BR/><ECESEP/>Источник: База данных по транспортной статистике ЕЭК ООН, составленная из национальных и международных официальных источников.<br> Для просмотра определений откройте <a href=http://live.unece.org/trans/main/wp6/publications/stats_glossary.html> Глоссарий по транспортной статистике</a>.<br>","SourceWebLink": "/PXWeb2015/pxweb/en/STAT/STAT__40-TRTRANS__01-TRACCIDENTS/ZZZ_en_TRAccalcoholnb_r.px","ColorScale": "B"}
,{"Code": "54","Domain_id": "8","Name": "Количество дорожно-транспортных происшествий, приводящих к ранениям","GradeValues": "0.0, 100000.0, 200000.0, 500000.0, 1000000.0","GradeColors": "'#FFE6FF', '#AD5EAD', '#853085', '#5C115C', '#330033'","Measure": "-","Note": "Значения для следующих стран отсутствуют и соответствуют предыдущему году: <I>Албания, Азербайджан, Армения, Беларусь, Ирландия, Казахстан, Таджикистан, Узбекистан</I>.<BR/><ECESEP/>Источник: База данных по транспортной статистике ЕЭК ООН, составленная из национальных и международных официальных источников.<br> Для просмотра определений откройте <a href=http://live.unece.org/trans/main/wp6/publications/stats_glossary.html> Глоссарий по транспортной статистике</a>.<br>","SourceWebLink": "/PXWeb2015/pxweb/en/STAT/STAT__40-TRTRANS__01-TRACCIDENTS/01_en_TRAccprofile_r.px","ColorScale": "B"}
,{"Code": "59","Domain_id": "8","Name": "Количество пешеходов, погибших в дорожно-транспортных происшествиях","GradeValues": "0.0, 200.0, 500.0, 1000.0, 2000.0","GradeColors": "'#FFE6FF', '#AD5EAD', '#853085', '#5C115C', '#330033'","Measure": "-","Note": "Значения для следующих стран отсутствуют и соответствуют предыдущему году: <I>Азербайджан, Ирландия, Испания, Швейцария, Соединенное Королевство</I>.<BR/><ECESEP/>Источник: База данных по транспортной статистике ЕЭК ООН, составленная из национальных и международных официальных источников.<br> Для просмотра определений откройте <a href=http://live.unece.org/trans/main/wp6/publications/stats_glossary.html> Глоссарий по транспортной статистике</a>.<br>","SourceWebLink": "/PXWeb2015/pxweb/en/STAT/STAT__40-TRTRANS__01-TRACCIDENTS/ZZZ_en_TRAccFatMode_r.px","ColorScale": "B"}
,{"Code": "60","Domain_id": "8","Name": "Количество пешеходов, раненых в дорожно-транспортных происшествиях","GradeValues": "0.0, 10000.0, 20000.0, 30000.0, 50000.0","GradeColors": "'#FFE6FF', '#D69AD6', '#AD5EAD', '#853085', '#330033'","Measure": "-","Note": "Значения для следующих стран отсутствуют и соответствуют предыдущему году: <I>Кипр, Ирландия, Израиль, Люксембург, Португалия, Швеция, Бывшая югославская Республика Македония, Соединенные Штаты Америки</I>.<BR/><ECESEP/>Источник: База данных по транспортной статистике ЕЭК ООН, составленная из национальных и международных официальных источников.<br> Для просмотра определений откройте <a href=http://live.unece.org/trans/main/wp6/publications/stats_glossary.html> Глоссарий по транспортной статистике</a>.<br>","SourceWebLink": "/PXWeb2015/pxweb/en/STAT/STAT__40-TRTRANS__01-TRACCIDENTS/ZZZ_en_TRAccKInjMode_r.px","ColorScale": "L"}
,{"Code": "40","Domain_id": "8","Name": "Количество погибших в дорожно-транспортных происшествиях","GradeValues": "0.0, 2000.0, 5000.0, 10000.0, 20000.0","GradeColors": "'#FFE6FF', '#AD5EAD', '#853085', '#5C115C', '#330033'","Measure": "-","Note": "Значения для следующих стран отсутствуют и соответствуют предыдущему году: <I>Албания, Азербайджан, Армения, Беларусь, Казахстан, Черногория, Таджикистан, Узбекистан</I>.<BR/><ECESEP/>Источник: База данных по транспортной статистике ЕЭК ООН, составленная из национальных и международных официальных источников.<br> Для просмотра определений откройте <a href=http://live.unece.org/trans/main/wp6/publications/stats_glossary.html>Глоссарий по транспортной статистике</a>.<br> Для просмотра сносок нажмите <a  href=http://w3.unece.org/PXWeb2015/pxweb/ru/STAT/STAT__40-TRTRANS__01-TRACCIDENTS/01_ru_TRAccprofile_r.px>здесь</a>.","SourceWebLink": "/PXWeb2015/pxweb/ru/STAT/STAT__10-CountryOverviews__01-Figures/ZZZ_ru_CoSummary_r.px","ColorScale": "B"}
,{"Code": "48","Domain_id": "8","Name": "Количество погибших в дорожно-транспортных происшествиях на 1 млн. жителей","GradeValues": "20.0, 50.0, 80.0, 110.0, 150.0","GradeColors": "'#FFE6FF', '#D090D0', '#A14EA1', '#722072', '#330033'","Measure": "-","Note": "Значения для следующих стран отсутствуют и соответствуют предыдущему году: <I>Албания, Азербайджан, Армения, Беларусь, Казахстан, Черногория, Таджикистан, Узбекистан</I>.<BR/><ECESEP/>Источник: База данных по транспортной статистике ЕЭК ООН, составленная из национальных и международных официальных источников.<br> Для просмотра определений откройте <a href=http://live.unece.org/trans/main/wp6/publications/stats_glossary.html> Глоссарий по транспортной статистике</a>.<br>","SourceWebLink": "/PXWeb2015/pxweb/en/STAT/STAT__40-TRTRANS__01-TRACCIDENTS/011_en_TRAccRateprofile_r.px","ColorScale": "L"}
,{"Code": "45","Domain_id": "8","Name": "Количество погибших на 100 0000 машин","GradeValues": "0.0, 20.0, 50.0, 70.0, 100.0","GradeColors": "'#FFE6FF', '#D69AD6', '#994599', '#701E70', '#330033'","Measure": "-","Note": "Значения для следующих стран отсутствуют и соответствуют предыдущему году: <I>Азербайджан, Босния и Герцеговина, Грузия, Израиль, Казахстан, Люксембург, Молдова, республика, Российская Федерация, Сербия, Испания, Швейцария, Бывшая югославская Республика Македония</I>.<BR/><ECESEP/>Источник: База данных по транспортной статистике ЕЭК ООН, составленная из национальных и международных официальных источников.<br> Для просмотра определений откройте <a href=http://live.unece.org/trans/main/wp6/publications/stats_glossary.html> Глоссарий по транспортной статистике</a>.<br>","SourceWebLink": "/PXWeb2015/pxweb/en/STAT/STAT__40-TRTRANS__01-TRACCIDENTS/ZZZ_en_TRFatPerTsndPassCars_r.px","ColorScale": "L"}
,{"Code": "58","Domain_id": "8","Name": "Количество погибших на 1000 дорожно-транспортных происшествий","GradeValues": "0.0, 20.0, 50.0, 100.0, 300.0","GradeColors": "'#FFE6FF', '#AD5EAD', '#853085', '#5C115C', '#330033'","Measure": "-","Note": "Значения для следующих стран отсутствуют и соответствуют предыдущему году: <I>Албания, Азербайджан, Армения, Беларусь, Ирландия, Казахстан, Таджикистан, Узбекистан</I>.<BR/><ECESEP/>Источник: База данных по транспортной статистике ЕЭК ООН, составленная из национальных и международных официальных источников.<br> Для просмотра определений откройте <a href=http://live.unece.org/trans/main/wp6/publications/stats_glossary.html> Глоссарий по транспортной статистике</a>.<br>","SourceWebLink": "/PXWeb2015/pxweb/en/STAT/STAT__40-TRTRANS__01-TRACCIDENTS/ZZZ_en_TRAccSever_r.px","ColorScale": "B"}
,{"Code": "57","Domain_id": "8","Name": "Количество пострадавших (раненые + погибшие) в дорожно-транспортных происшествиях","GradeValues": "0.0, 200000.0, 500000.0, 700000.0, 1000000.0","GradeColors": "'#FFE6FF', '#D69AD6', '#994599', '#701E70', '#330033'","Measure": "-","Note": "Значения для следующих стран отсутствуют и соответствуют предыдущему году: <I>Канада</I>.<BR/><ECESEP/>Источник: База данных по транспортной статистике ЕЭК ООН, составленная из национальных и международных официальных источников.<br> Для просмотра определений откройте <a href=http://live.unece.org/trans/main/wp6/publications/stats_glossary.html> Глоссарий по транспортной статистике</a>.<br>","SourceWebLink": "/PXWeb2015/pxweb/en/STAT/STAT__40-TRTRANS__01-TRACCIDENTS/ZZZ_en_TRAccCasual_r.px","ColorScale": "L"}
,{"Code": "39","Domain_id": "8","Name": "Количество раненых в дорожно-транспортных происшествиях","GradeValues": "0.0, 1000.0, 10000.0, 100000.0, 1000000.0","GradeColors": "'#FFE6FF', '#AD5EAD', '#853085', '#5C115C', '#330033'","Measure": "-","Note": "Значения для следующих стран отсутствуют и соответствуют предыдущему году: <I>Албания, Азербайджан, Армения, Болгария, Беларусь, Эстония, Ирландия, Казахстан, Мальта, Черногория, Сербия, Словакия, Узбекистан</I>.<BR/><ECESEP/>Источник: База данных по транспортной статистике ЕЭК ООН, составленная из национальных и международных официальных источников.<br> Для просмотра определений откройте <a href=http://live.unece.org/trans/main/wp6/publications/stats_glossary.html> Глоссарий по транспортной статистике</a>.<br> Для просмотра сносок нажмите <a href=http://w3.unece.org/PXWeb2015/pxweb/ru/STAT/STAT__40-TRTRANS__01-TRACCIDENTS/01_ru_TRAccprofile_r.px>здесь</a>.","SourceWebLink": "/PXWeb2015/pxweb/ru/STAT/STAT__10-CountryOverviews__01-Figures/ZZZ_ru_CoSummary_r.px","ColorScale": "G"}
,{"Code": "46","Domain_id": "8","Name": "Количество раненых на 100 000 машин","GradeValues": "0.0, 500.0, 1000.0, 2000.0, 5000.0","GradeColors": "'#FFE6FF', '#AD5EAD', '#853085', '#5C115C', '#330033'","Measure": "-","Note": "Значения для следующих стран отсутствуют и соответствуют предыдущему году: <I>Азербайджан, Босния и Герцеговина, Болгария, Эстония, Грузия, Ирландия, Израиль, Казахстан, Люксембург, Мальта, Молдова, республика, Российская Федерация, Сербия, Словакия, Испания, Швейцария, Бывшая югославская Республика Македония</I>.<BR/><ECESEP/>Источник: База данных по транспортной статистике ЕЭК ООН, составленная из национальных и международных официальных источников.<br> Для просмотра определений откройте <a href=http://live.unece.org/trans/main/wp6/publications/stats_glossary.html> Глоссарий по транспортной статистике</a>.<br>","SourceWebLink": "/PXWeb2015/pxweb/en/STAT/STAT__40-TRTRANS__01-TRACCIDENTS/ZZZ_en_TRInjPTausPassCar_r.px","ColorScale": "B"}
,{"Code": "44","Domain_id": "9","Name": "Количество легковых автомобилей на 1000 жителей","GradeValues": "50.0, 100.0, 200.0, 300.0, 500.0","GradeColors": "'#FFE6FF', '#E8BAE8', '#BB70BB', '#8E398E', '#330033'","Measure": "авто./1000 жителей","Note": "Значения для следующих стран отсутствуют и соответствуют предыдущему году: <I>Азербайджан, Босния и Герцеговина, Канада, Грузия, Израиль, Казахстан, Люксембург, Молдова, республика, Российская Федерация, Сербия, Испания, Швейцария, Бывшая югославская Республика Македония</I>.<BR/><ECESEP/>Источник: База данных по транспортной статистике ЕЭК ООН, составленная из национальных и международных официальных источников.<br> Для просмотра определений откройте <a href=http://live.unece.org/trans/main/wp6/publications/stats_glossary.html>Глоссарий по транспортной статистике</a>.<br>","SourceWebLink": "/PXWeb2015/pxweb/en/STAT/STAT__40-TRTRANS__02-TRRoadFleet/ZZZ_en_TRPassengCars_r.px","ColorScale": "L"}
,{"Code": "51","Domain_id": "9","Name": "Перевозка грузов по дорогам, млн. тонн-км.","GradeValues": "0.0, 50000.0, 100000.0, 150000.0, 200000.0","GradeColors": "'#FFE6FF', '#CC8ACC', '#994599', '#661766', '#330033'","Measure": "млн. тонн-км.","Note": "Значения для следующих стран отсутствуют и соответствуют предыдущему году: <I>Бельгия, Греция</I>.<BR/><ECESEP/>Источник: База данных по транспортной статистике ЕЭК ООН, составленная из национальных и международных официальных источников.<br> Для просмотра определений откройте <a href=http://live.unece.org/trans/main/wp6/publications/stats_glossary.html> Глоссарий по транспортной статистике</a>.<br>","SourceWebLink": "/PXWeb2015/pxweb/en/STAT/STAT__40-TRTRANS__02-TRROAD/ZZZ_en_TRRoadGoodsTkm_r.px","ColorScale": "L"}
]