[
{"Code": "1","Domain_id": "1","Name": "Consumer price index, growth rate (%)","GradeValues": "-2.0, -1.7, -1.3, -0.9, -0.5, 0.0, 2.0, 5.0, 7.0, 10.0","GradeColors": "'#003366', '#11477D', '#31669C', '#5C8BBA', '#92B6D9', '#FFE6FF', '#D69AD6', '#994599', '#701E70', '#330033'","Measure": "%","Note": "Values for the following countries are missing and correspond to the previous year, <I>Russian Federation</I>.<BR/><ECESEP/>For economic indicator footnotes click <a href=http://w3.unece.org/PXWeb2015/pxweb/en/STAT/STAT__20-ME__1-MEOV/01_en_MECCOverviewY_r.px>here</a>.","SourceWebLink": "/PXWeb2015/pxweb/en/STAT/STAT__10-CountryOverviews__01-Figures/ZZZ_en_CoSummary_r.px","ColorScale": "L"}
,{"Code": "5","Domain_id": "1","Name": "Final consumption expenditure per capita in USD adjusted by purchasing power parities","GradeValues": "1000.0, 8000.0, 15000.0, 22000.0, 30000.0","GradeColors": "'#FFE6FF', '#CE8CCE', '#9D499D', '#6B1B6B', '#330033'","Measure": "USD","Note": "Values for the following countries are missing and correspond to the previous year, <I>Belarus, Kazakhstan, Kyrgyzstan, Montenegro, Russian Federation, Turkey, The former Yugoslav Republic of Macedonia, United States</I>.<BR/><ECESEP/>For economic indicator footnotes click <a href=http://w3.unece.org/PXWeb2015/pxweb/en/STAT/STAT__20-ME__1-MEOV/01_en_MECCOverviewY_r.px>here</a>. ","SourceWebLink": "/PXWeb2015/pxweb/en/STAT/STAT__10-CountryOverviews__01-Figures/ZZZ_en_CoSummary_r.px","ColorScale": "L"}
,{"Code": "7","Domain_id": "1","Name": "GDP in millions of USD adjusted by purchasing power parities","GradeValues": "5000.0, 500000.0, 1000000.0, 2000000.0, 5000000.0, 10000000","GradeColors": "'#FFE6FF', '#BB70BB', '#994599', '#772477', '#550D55', '#330033'","Measure": "mln. of USD","Note": "Values for the following countries are missing and correspond to the previous year, <I>Montenegro, Russian Federation, Turkmenistan, Uzbekistan</I>.<BR/><ECESEP/>For economic indicator footnotes click <a href=http://w3.unece.org/PXWeb2015/pxweb/en/STAT/STAT__20-ME__1-MEOV/01_en_MECCOverviewY_r.px>here</a>. ","SourceWebLink": "/PXWeb2015/pxweb/en/STAT/STAT__10-CountryOverviews__01-Figures/ZZZ_en_CoSummary_r.px","ColorScale": "B"}
,{"Code": "12","Domain_id": "1","Name": "GDP per capita in USD adjusted by purchasing power parities","GradeValues": "0.0, 3000.0, 6000.0, 9000.0, 12000.0, 15000.0, 21000.0, 27000.0, 33000.0, 40000.0","GradeColors": "'#003366', '#184E85', '#3B6FA3', '#6995C2', '#A2C1E0', '#FFE6FF', '#DA95DA', '#B655B6', '#912491', '#660066'","Measure": "USD","Note": "Values for the following countries are missing and correspond to the previous year, <I>Belarus, Kazakhstan, Kyrgyzstan, Montenegro, Russian Federation, Turkey, Turkmenistan, The former Yugoslav Republic of Macedonia, United States, Uzbekistan</I>.<BR/><ECESEP/>For economic indicator footnotes click <a href=http://w3.unece.org/PXWeb2015/pxweb/en/STAT/STAT__20-ME__1-MEOV/01_en_MECCOverviewY_r.px>here</a>. ","SourceWebLink": "/PXWeb2015/pxweb/en/STAT/STAT__10-CountryOverviews__01-Figures/ZZZ_en_CoSummary_r.px","ColorScale": "L"}
,{"Code": "6","Domain_id": "1","Name": "Share of agriculture in GDP, %","GradeValues": "0.0, 3.0, 7.0, 10.0, 14.0, 18.0","GradeColors": "'#FFE6FF', '#DDA6DD', '#B061B0', '#8E398E', '#601360', '#330033'","Measure": "%","Note": "Values for the following countries are missing and correspond to the previous year, <I>Iceland, Montenegro, Switzerland</I>.<BR/><ECESEP/>For economic indicator footnotes click <a href=http://w3.unece.org/PXWeb2015/pxweb/en/STAT/STAT__20-ME__1-MEOV/01_en_MECCOverviewY_r.px>here</a>. ","SourceWebLink": "/PXWeb2015/pxweb/en/STAT/STAT__10-CountryOverviews__01-Figures/ZZZ_en_CoSummary_r.px","ColorScale": "L"}
,{"Code": "8","Domain_id": "1","Name": "Share of construction in GDP, %","GradeValues": "0.0, 2.0, 5.0, 7.0, 10.0","GradeColors": "'#FFE6FF', '#D69AD6', '#994599', '#701E70', '#330033'","Measure": "%","Note": "Values for the following countries are missing and correspond to the previous year, <I>Iceland, Montenegro, Switzerland</I>.<BR/><ECESEP/>For economic indicator footnotes click <a href=http://w3.unece.org/PXWeb2015/pxweb/en/STAT/STAT__20-ME__1-MEOV/01_en_MECCOverviewY_r.px>here</a>. ","SourceWebLink": "/PXWeb2015/pxweb/en/STAT/STAT__10-CountryOverviews__01-Figures/ZZZ_en_CoSummary_r.px","ColorScale": "L"}
,{"Code": "4","Domain_id": "1","Name": "Share of exports in GDP, %","GradeValues": "0.0, 20.0, 50.0, 70.0, 100.0","GradeColors": "'#FFE6FF', '#D69AD6', '#994599', '#701E70', '#330033'","Measure": "%","Note": "Values for the following countries are missing and correspond to the previous year, <I>Montenegro, Russian Federation</I>.<BR/><ECESEP/>For economic indicator footnotes click <a href=http://w3.unece.org/PXWeb2015/pxweb/en/STAT/STAT__20-ME__1-MEOV/01_en_MECCOverviewY_r.px>here</a>. ","SourceWebLink": "/PXWeb2015/pxweb/en/STAT/STAT__10-CountryOverviews__01-Figures/ZZZ_en_CoSummary_r.px","ColorScale": "L"}
,{"Code": "9","Domain_id": "1","Name": "Share of finance and business services in GDP, %","GradeValues": "0.0, 7.0, 15.0, 22.0, 30.0","GradeColors": "'#FFE6FF', '#CF8FCF', '#994599', '#691969', '#330033'","Measure": "%","Note": "Values for the following countries are missing and correspond to the previous year, <I>Iceland, Montenegro, Switzerland</I>.<BR/><ECESEP/>For economic indicator footnotes click <a href=http://w3.unece.org/PXWeb2015/pxweb/en/STAT/STAT__20-ME__1-MEOV/01_en_MECCOverviewY_r.px>here</a>. ","SourceWebLink": "/PXWeb2015/pxweb/en/STAT/STAT__10-CountryOverviews__01-Figures/ZZZ_en_CoSummary_r.px","ColorScale": "L"}
,{"Code": "36","Domain_id": "1","Name": "Share of imports in GDP, %","GradeValues": "0.0, 20.0, 40.0, 60.0, 80.0","GradeColors": "'#FFE6FF', '#CC8ACC', '#994599', '#661766', '#330033'","Measure": "%","Note": "Values for the following countries are missing and correspond to the previous year, <I>Montenegro, Russian Federation</I>.<BR/><ECESEP/>For economic indicator footnotes click <a href=http://w3.unece.org/PXWeb2015/pxweb/en/STAT/STAT__20-ME__1-MEOV/01_en_MECCOverviewY_r.px>here</a>. ","SourceWebLink": "/PXWeb2015/pxweb/en/STAT/STAT__10-CountryOverviews__01-Figures/ZZZ_en_CoSummary_r.px","ColorScale": "L"}
,{"Code": "11","Domain_id": "1","Name": "Share of industry in GDP, %","GradeValues": "5.0, 10.0, 15.0, 20.0, 25.0, 30.0","GradeColors": "'#FFE6FF', '#D69AD6', '#AD5EAD', '#853085', '#5C115C', '#330033'","Measure": "%","Note": "Values for the following countries are missing and correspond to the previous year, <I>Iceland, Montenegro, Switzerland</I>.<BR/><ECESEP/>For economic indicator footnotes click <a href=http://w3.unece.org/PXWeb2015/pxweb/en/STAT/STAT__20-ME__1-MEOV/01_en_MECCOverviewY_r.px>here</a>. ","SourceWebLink": "/PXWeb2015/pxweb/en/STAT/STAT__10-CountryOverviews__01-Figures/ZZZ_en_CoSummary_r.px","ColorScale": "L"}
,{"Code": "14","Domain_id": "1","Name": "Share of trade, hospitality, transport and communication in GDP, %","GradeValues": "12.0, 16.0, 21.0, 25.0, 30.0","GradeColors": "'#FFE6FF', '#D293D2', '#994599', '#6C1B6C', '#330033'","Measure": "%","Note": "Values for the following countries are missing and correspond to the previous year, <I>Iceland, Montenegro, Switzerland</I>.<BR/><ECESEP/>For economic indicator footnotes click <a href=http://w3.unece.org/PXWeb2015/pxweb/en/STAT/STAT__20-ME__1-MEOV/01_en_MECCOverviewY_r.px>here</a>. ","SourceWebLink": "/PXWeb2015/pxweb/en/STAT/STAT__10-CountryOverviews__01-Figures/ZZZ_en_CoSummary_r.px","ColorScale": "L"}
,{"Code": "43","Domain_id": "1","Name": "Unemployment rate, %","GradeValues": "0.0, 4.0, 8.0, 12.0, 16.0, 20.0","GradeColors": "'#FFE6FF', '#D69AD6', '#AD5EAD', '#853085', '#5C115C', '#330033'","Measure": "%","Note": "For unemployment rate footnotes click <a href=http://w3.unece.org/PXWeb2015/pxweb/en/STAT/STAT__20-ME__3-MELF/40_en_MEUnRateY_r.px>here</a>. ","SourceWebLink": "/PXWeb2015/pxweb/en/STAT/STAT__10-CountryOverviews__01-Figures/ZZZ_en_CoSummary_r.px","ColorScale": "L"}
,{"Code": "35","Domain_id": "1","Name": "Youth unemployment rate, %","GradeValues": "0.0, 7.0, 15.0, 22.0, 30.0","GradeColors": "'#FFE6FF', '#CF8FCF', '#994599', '#691969', '#330033'","Measure": "%","Note": "Values for the following countries are missing and correspond to the previous year, <I>Canada, Israel</I>.<BR/><ECESEP/>For youth unemployment rate footnotes click <a href=http://w3.unece.org/PXWeb2015/pxweb/en/STAT/STAT__30-GE__03-WorkAndeconomy/012_en_GEWEUnEmploy_r.px>here</a>. ","SourceWebLink": "/PXWeb2015/pxweb/en/STAT/STAT__10-CountryOverviews__01-Figures/ZZZ_en_CoSummary_r.px","ColorScale": "L"}
,{"Code": "53","Domain_id": "10","Name": "Carriage of goods by rail-total (million, tonne-km) (excluding empty privately-owned wagons)","GradeValues": "0.0, 50000.0, 100000.0, 200000.0, 500000.0","GradeColors": "'#FFE6FF', '#AD5EAD', '#853085', '#5C115C', '#330033'","Measure": "million, tonne-km","Note": "Values for the following countries are missing and correspond to the previous year, <I>Italy</I>.<BR/><ECESEP/>Source: UNECE Transport Statistics Database, compiled from national and international official sources.<br> For definitions, see <a href=http://live.unece.org/trans/main/wp6/publications/stats_glossary.html>the Glossary for Transport Statistics</a>.<br>","SourceWebLink": "/PXWeb2015/pxweb/en/STAT/STAT__40-TRTRANS__03-TRRAIL/ZZZ_en_TRrailtonneskm_r.px","ColorScale": "B"}
,{"Code": "52","Domain_id": "10","Name": "Number of railway passengers (mln. km) ","GradeValues": "0.0, 20000.0, 50000.0, 70000.0, 100000.0","GradeColors": "'#FFE6FF', '#D69AD6', '#994599', '#701E70', '#330033'","Measure": "mln. km","Note": "Values for the following countries are missing and correspond to the previous year, <I>Greece, Italy</I>.<BR/><ECESEP/>Source: UNECE Transport Statistics Database, compiled from national and international official sources.<br> For definitions, see <a href=http://live.unece.org/trans/main/wp6/publications/stats_glossary.html>the Glossary for Transport Statistics</a>.<br>","SourceWebLink": "/PXWeb2015/pxweb/en/STAT/STAT__40-TRTRANS__03-TRRAIL/02_en_TRrailpassengerskm_r.px","ColorScale": "L"}
,{"Code": "47","Domain_id": "10","Name": "Railway density, total length of lines operated (km) per 1000 km2","GradeValues": "0.0, 50.0, 100.0, 150.0, 200.0","GradeColors": "'#FFE6FF', '#CC8ACC', '#994599', '#661766', '#330033'","Measure": "km/1000 km2","Note": "Values for the following countries are missing and correspond to the previous year, <I>Azerbaijan, Italy, Moldova, Republic of, Norway, Spain, The former Yugoslav Republic of Macedonia</I>.<BR/><ECESEP/>Source: UNECE Transport Statistics Database, compiled from national and international official sources.<br> For definitions, see <a href=http://live.unece.org/trans/main/wp6/publications/stats_glossary.html>the Glossary for Transport Statistics</a>.<br>","SourceWebLink": "/PXWeb2015/pxweb/en/STAT/STAT__40-TRTRANS__09-TRINFRA/ZZZ_en_TRRWDensity_r.px","ColorScale": "L"}
,{"Code": "42","Domain_id": "10","Name": "Total length of railway lines, km","GradeValues": "0.0, 10000.0, 20000.0, 50000.0, 100000.0","GradeColors": "'#FFE6FF', '#AD5EAD', '#853085', '#5C115C', '#330033'","Measure": "km.","Note": "Values for the following countries are missing and correspond to the previous year, <I>Azerbaijan, Bosnia and Herzegovina, Georgia, Kazakhstan, Kyrgyzstan, Moldova, Republic of, Norway, Russian Federation, Serbia, Spain, Ukraine, The former Yugoslav Republic of Macedonia</I>.<BR/><ECESEP/>Source: UNECE Transport Statistics Database, compiled from national and international official sources.<br> For definitions, see <a href=http://live.unece.org/trans/main/wp6/publications/stats_glossary.html>the Glossary for Transport Statistics</a>.<br> For total length of railway lines footnotes click <a href=http://w3.unece.org/PXWeb2015/pxweb/en/STAT/STAT__40-TRTRANS__09-TRINFRA/ZZZ_en_TRRailIfra2_r.px>here  </a>.","SourceWebLink": "/PXWeb2015/pxweb/en/STAT/STAT__10-CountryOverviews__01-Figures/ZZZ_en_CoSummary_r.px","ColorScale": "B"}
,{"Code": "55","Domain_id": "11","Name": "Carriage of goods by inland waterways-total (million, tonne-km)","GradeValues": "0.0, 5000.0, 10000.0, 20000.0, 40000.0","GradeColors": "'#FFE6FF', '#AD5EAD', '#853085', '#5C115C', '#330033'","Measure": "million, tonne-km","Note": "Values for the following countries are missing and correspond to the previous year, <I>Belgium, Kazakhstan, Kyrgyzstan, Moldova, Republic of, Netherlands, Russian Federation, Serbia, Switzerland, Ukraine, United States</I>.<BR/><ECESEP/>Source: UNECE Transport Statistics Database, compiled from national and international official sources.<br> For definitions, see <a href=http://live.unece.org/trans/main/wp6/publications/stats_glossary.html>the Glossary for Transport Statistics</a>.<br>","SourceWebLink": "/PXWeb2015/pxweb/en/STAT/STAT__40-TRTRANS__06-TRInlWater/ZZZ_en_TRInlWaterTonKm_r.px","ColorScale": "B"}
,{"Code": "56","Domain_id": "12","Name": "Carriage of oil by pipelines-Total (1000 tonne)","GradeValues": "2000.0, 20000.0, 50000.0, 70000.0, 100000.0","GradeColors": "'#FFE6FF', '#DAA0DA', '#9B479B', '#711F71', '#330033'","Measure": "1000 tonne","Note": "Values for the following countries are missing and correspond to the previous year, <I>Lithuania</I>.<BR/><ECESEP/>Source: UNECE Transport Statistics Database, compiled from national and international official sources.<br> For definitions, see <a href=http://live.unece.org/trans/main/wp6/publications/stats_glossary.html>the Glossary for Transport Statistics</a>.<br>","SourceWebLink": "/PXWeb2015/pxweb/en/STAT/STAT__40-TRTRANS__08-TRPipeline/ZZZ_en_TRPipelineGoods_r.px","ColorScale": "L"}
,{"Code": "220","Domain_id": "14","Name": "Employment-to-population ratio, total (%)","GradeValues": "30.0, 40.0, 50.0, 60.0","GradeColors": "'#FFE6FF', '#BB70BB', '#772477', '#330033'","Measure": "%","Note": "Values for the following countries are missing and correspond to the previous year, <I>Azerbaijan, Armenia</I>.<BR/><ECESEP/>The employment-to-population ratio is the proportion of a country’s working-age population that is employed. The working-age population is defined as persons aged 15 years and older. ","SourceWebLink": "","ColorScale": "L"}
,{"Code": "260","Domain_id": "14","Name": "Maternal mortality rate per 100,000 live births","GradeValues": "0.0, 10.0, 20.0, 30.0, 40.0","GradeColors": "'#FFE6FF', '#CE8CCE', '#9C489C', '#6B1A6B', '#390239'","Measure": "-","Note": "Values for the following countries are missing and correspond to the previous year, <I>Montenegro, Romania, Tajikistan</I>.<BR/><ECESEP/> The maternal mortality ratio (MMR) is the annual number of maternal deaths from any cause related to or aggravated by pregnancy or its management (excluding accidental or incidental causes) during pregnancy and childbirth or within 42 days of termination of pregnancy, irrespective of the duration and site of the pregnancy, per 100,000 live births, for a specified year. ","SourceWebLink": "","ColorScale": "L"}
,{"Code": "290","Domain_id": "14","Name": "Mobile cellular telephone subscriptions per 100 population","GradeValues": "70.0, 90.0, 110.0, 130.0, 150.0","GradeColors": "'#FFE6FF', '#CC8ACC', '#994599', '#661766', '#330033'","Measure": "subs./100 pers.","Note": "Values for the following countries are missing and correspond to the previous year, <I>Serbia</I>.<BR/><ECESEP/>This indicator is defined as the number of mobile cellular subscriptions per 100 population.  Mobile cellular subscriptions are subscriptions to a public mobile telephone service using cellular technology, which provides access to the Public Switched Telephone Network (PSTN).  Subscriptions include post-paid and pre-paid, and both analogue and digital cellular systems. They also include subscriptions to International Mobile Telecommunications-2000 (IMT-2000 or Third Generation, 3G) networks. Subscriptions to public mobile data services or radio paging services are not included.","SourceWebLink": "","ColorScale": "L"}
,{"Code": "230","Domain_id": "14","Name": "Net enrolment ratio in primary education, both sexes (%)","GradeValues": "86.0, 90.0, 94.0, 99.0","GradeColors": "'#FFE6FF', '#C078C0', '#812D81', '#330033'","Measure": "%","Note": "The net enrolment ratio (NER) in primary education is the number of children of official primary school age who are enrolled in primary education expressed as a percentage of the total population of children of official primary school age.","SourceWebLink": "","ColorScale": "L"}
,{"Code": "210","Domain_id": "14","Name": "Population living below basic needs based on national poverty line (%)","GradeValues": "0.0, 10.0, 20.0, 30.0","GradeColors": "'#FFE6FF', '#BB70BB', '#772477', '#330033'","Measure": "%","Note": " This indicator is defined as the percentage of population living in households below the national poverty line where the average daily Consumption (or income) per person is less than the cost of local basic needs. This includes food and non-food items necessary for the satisfaction of basic needs. ","SourceWebLink": "","ColorScale": "L"}
,{"Code": "200","Domain_id": "14","Name": "Population living on below $1 (PPP) per day (%)","GradeValues": "0.0, 2.0, 5.0, 7.0, 10.0","GradeColors": "'#FFE6FF', '#D69AD6', '#994599', '#701E70', '#330033'","Measure": "%","Note": "Values for the following countries are missing and correspond to the previous year, <I>Albania, Azerbaijan, Armenia, Croatia, Lithuania</I>.<BR/><ECESEP/>This indicator is defined as the percentage of the population living in households below the international poverty line where the average daily consumption (or income) per person is less than $1.25 a day measured at 2005 international prices adjusted for purchasing power parity (PPP).","SourceWebLink": "","ColorScale": "L"}
,{"Code": "240","Domain_id": "14","Name": "Share of women in wage employment in the non-agricultural sector, %","GradeValues": "20.0, 30.0, 40.0, 50.0","GradeColors": "'#FFE6FF', '#BB70BB', '#772477', '#330033'","Measure": "%","Note": "This indicator is defined as the number of female workers in wage employment in the non-agricultural sector expressed as a percentage of total wage employment in the non-agricultural sector. ","SourceWebLink": "","ColorScale": "L"}
,{"Code": "280","Domain_id": "14","Name": "Terrestrial and marine areas protected to total territorial area (%)","GradeValues": "0.0, 5.0, 10.0, 15.0, 20.0","GradeColors": "'#FFE6FF', '#CC8ACC', '#994599', '#661766', '#330033'","Measure": "%","Note": "The indicator is defined as the proportion of a country’s total terrestrial and marine area that is designated as a protected area.  ","SourceWebLink": "","ColorScale": "L"}
,{"Code": "270","Domain_id": "14","Name": "Tuberculosis incidence rate per year per 100,000 population (mid-point)","GradeValues": "0.0, 10.0, 30.0, 60.0, 120.0","GradeColors": "'#FFE6FF', '#AD5EAD', '#853085', '#5C115C', '#330033'","Measure": "incidence/100,000 pers.","Note": "The incidence of tuberculosis (TB) is defined as the estimated number of new TB cases arising in one year. It is expressed as cases per 100,000 population. ","SourceWebLink": "","ColorScale": "B"}
,{"Code": "250","Domain_id": "14","Name": "Under five mortality rate per 1,000 live births","GradeValues": "2.0, 5.0, 10.0, 20.0, 40.0","GradeColors": "'#FFE6FF', '#AD5EAD', '#853085', '#5C115C', '#330033'","Measure": "-","Note": "The under-five mortality rate (U5MR) is the probability of a child born in a specified year dying before reaching the age of five if subject to current age-specific mortality rates. ","SourceWebLink": "","ColorScale": "B"}
,{"Code": "300","Domain_id": "17","Name": "Mean age of men at first marriage","GradeValues": "25.0, 27.0, 30.0, 32.0, 35.0","GradeColors": "'#FFE6FF', '#D69AD6', '#994599', '#701E70', '#330033'","Measure": "years","Note": "Values for the following countries are missing and correspond to the previous year, <I>Austria, Belgium, Cyprus, Denmark, Finland, Germany, Greece, Italy, Luxembourg, Netherlands, Norway, Portugal, Spain, Switzerland, Turkey, United States</I>.<BR/><ECESEP/>The mean age at first marriage is the weighted average of the different ages (limited at age 50), using as weights the age-specific marriage rates for first marriages only. ","SourceWebLink": "/PXWeb2015/pxweb/en/STAT/STAT__30-GE__02-Families_households/052_en_GEFHAge1stMarige_r.px","ColorScale": "L"}
,{"Code": "303","Domain_id": "17","Name": "Mean age of women at first marriage ","GradeValues": "20.0, 23.0, 26.0, 29.0, 32.0","GradeColors": "'#FFE6FF', '#CC8ACC', '#994599', '#661766', '#330033'","Measure": "years","Note": "Values for the following countries are missing and correspond to the previous year, <I>Austria, Belgium, Cyprus, Denmark, Finland, Germany, Greece, Italy, Luxembourg, Netherlands, Norway, Portugal, Spain, Switzerland, Turkey, United States</I>.<BR/><ECESEP/>The mean age at first marriage is the weighted average of the different ages (limited at age 50), using as weights the age-specific marriage rates for first marriages only.  ","SourceWebLink": "/PXWeb2015/pxweb/en/STAT/STAT__30-GE__02-Families_households/052_en_GEFHAge1stMarige_r.px","ColorScale": "L"}
,{"Code": "318","Domain_id": "17","Name": "Proportion of one person households in all households, %","GradeValues": "0.0, 10.0, 20.0, 30.0, 40.0","GradeColors": "'#FFE6FF', '#CC8ACC', '#994599', '#661766', '#330033'","Measure": "%","Note": "Values for the following countries are missing and correspond to the previous year, <I>Albania, Bulgaria, Canada, Croatia, Cyprus, Greece, Hungary, Kazakhstan, Latvia, Lithuania, Luxembourg, Montenegro, Poland, Portugal, Romania, Serbia, Slovakia, Slovenia, Spain, Switzerland, Tajikistan</I>.<BR/><ECESEP/>For households footnotes click <a href=http://w3.unece.org/PXWeb2015/pxweb/en/STAT/STAT__30-GE__02-Families_households/08_en_GEFHPrivHouse_r.px>here</a>.","SourceWebLink": "/PXWeb2015/pxweb/en/STAT/STAT__30-GE__02-Families_households/08_en_GEFHPrivHouse_r.px","ColorScale": "L"}
,{"Code": "21","Domain_id": "18","Name": "Gender pay gap in monthly earning, %","GradeValues": "0.0, 10.0, 20.0, 30.0, 40.0","GradeColors": "'#E6F2FF', '#92B6D9', '#5081B3', '#20568C', '#003366'","Measure": "%","Note": "Values for the following countries are missing and correspond to the previous year, <I>Belgium, Croatia, Italy, Moldova, Republic of, Russian Federation, Spain, Tajikistan</I>.<BR/><ECESEP/>For gender pay gap footnotes click <a href=http://w3.unece.org/PXWeb2015/pxweb/en/STAT/STAT__30-GE__03-WorkAndeconomy/017_en_GE_GPG2_r.px>here</a>. ","SourceWebLink": "/PXWeb2015/pxweb/en/STAT/STAT__30-GE__03-WorkAndeconomy/017_en_GE_GPG2_r.px","ColorScale": "L"}
,{"Code": "313","Domain_id": "18","Name": "Share of women among employers, %","GradeValues": "5.0, 10.0, 15.0, 20.0, 25.0, 30.0","GradeColors": "'#FFE6FF', '#D69AD6', '#AD5EAD', '#853085', '#5C115C', '#330033'","Measure": "%","Note": "Values for the following countries are missing and correspond to the previous year, <I>Norway</I>.<BR/><ECESEP/>Employers are workers who hold self-employment jobs and have engaged, on a continuous basis, one or more persons to work for them in their business as employees. ","SourceWebLink": "/PXWeb2015/pxweb/en/STAT/STAT__30-GE__03-WorkAndeconomy/007_en_GEWEEmployStatus_r.px","ColorScale": "L"}
,{"Code": "30","Domain_id": "18","Name": "Share of women in labour force, %","GradeValues": "20.0, 26.0, 33.0, 40.0, 45.0, 50.0","GradeColors": "'#003366', '#285E94', '#76A0C9', '#FFE6FF', '#994599', '#330033'","Measure": "%","Note": "Values for the following countries are missing and correspond to the previous year, <I>Bosnia and Herzegovina, Kazakhstan, Kyrgyzstan, Moldova, Republic of</I>.<BR/><ECESEP/>For employment by economic sector footnotes click <a href=http://w3.unece.org/PXWeb2015/pxweb/en/STAT/STAT__20-ME__3-MELF/20_en_MEEmpNaceA6Y_r.px>here</a>. ","SourceWebLink": "/PXWeb2015/pxweb/en/STAT/STAT__10-CountryOverviews__01-Figures/ZZZ_en_CoSummary_r.px","ColorScale": "L"}
,{"Code": "315","Domain_id": "18","Name": "Unemployment rate, men, %","GradeValues": "0.0, 5.0, 10.0, 15.0, 20.0","GradeColors": "'#FFE6FF', '#CC8ACC', '#994599', '#661766', '#330033'","Measure": "%","Note": "Values for the following countries are missing and correspond to the previous year, <I>Albania, Belarus, Kazakhstan, Montenegro</I>.<BR/><ECESEP/> The unemployed are all the persons above a specific age who, during the reference period, were:<br> (a) without work, i.e. were not in paid employment or self-employment, and<br> (b) currently available for work, i.e. were available for paid employment or self-employment during the reference period, and<br> (c) seeking work, i.e. had taken specific steps in a specified reference period to seek paid employment or self-employment. ","SourceWebLink": "/PXWeb2015/pxweb/en/STAT/STAT__30-GE__03-WorkAndeconomy/012_en_GEWEUnEmploy_r.px","ColorScale": "L"}
,{"Code": "314","Domain_id": "18","Name": "Unemployment rate, women, %","GradeValues": "0.0, 5.0, 10.0, 15.0, 20.0","GradeColors": "'#FFE6FF', '#CC8ACC', '#994599', '#661766', '#330033'","Measure": "%","Note": "Values for the following countries are missing and correspond to the previous year, <I>Albania, Belarus, Kazakhstan, Montenegro</I>.<BR/><ECESEP/>The unemployed are all the persons above a specific age who, during the reference period, were:<br> (a) without work, i.e. were not in paid employment or self-employment, and<br> (b) currently available for work, i.e. were available for paid employment or self-employment during the reference period, and<br> (c) seeking work, i.e. had taken specific steps in a specified reference period to seek paid employment or self-employment. ","SourceWebLink": "/PXWeb2015/pxweb/en/STAT/STAT__30-GE__03-WorkAndeconomy/012_en_GEWEUnEmploy_r.px","ColorScale": "L"}
,{"Code": "309","Domain_id": "19","Name": "Proportion of men with tertiary education level, %","GradeValues": "5.0, 10.0, 20.0, 30.0, 50.0","GradeColors": "'#FFE6FF', '#E8BAE8', '#BB70BB', '#8E398E', '#330033'","Measure": "%","Note": "Values for the following countries are missing and correspond to the previous year, <I>Croatia, Lithuania, Poland, Slovakia</I>.<BR/><ECESEP/>Educational attainment is defined as the highest level successfully completed by the person, in the educational system of the country where the education was received. The levels of education are defined according to the ISCED 1997.","SourceWebLink": "/PXWeb2015/pxweb/en/STAT/STAT__30-GE__04-EducatAndcommunicat/003_en_GEECEduAttainmSPN_r.px","ColorScale": "L"}
,{"Code": "308","Domain_id": "19","Name": "Proportion of women with tertiary education level, %","GradeValues": "5.0, 10.0, 20.0, 30.0, 50.0","GradeColors": "'#FFE6FF', '#E8BAE8', '#BB70BB', '#8E398E', '#330033'","Measure": "%","Note": "Values for the following countries are missing and correspond to the previous year, <I>Croatia, Lithuania, Poland, Slovakia</I>.<BR/><ECESEP/>Educational attainment is defined as the highest level successfully completed by the person, in the educational system of the country where the education was received. The levels of education are defined according to the ISCED 1997.","SourceWebLink": "/PXWeb2015/pxweb/en/STAT/STAT__30-GE__04-EducatAndcommunicat/003_en_GEECEduAttainmSPN_r.px","ColorScale": "L"}
,{"Code": "18","Domain_id": "19","Name": "Share of women among tertiary students, %","GradeValues": "20.0, 30.0, 40.0, 50.0, 55.0, 60.0","GradeColors": "'#003366', '#2E6399', '#7AA3CC', '#FFE6FF', '#994599', '#330033'","Measure": "%","Note": "Values for the following countries are missing and correspond to the previous year, <I>Canada, Croatia</I>.<BR/><ECESEP/>For female tertiary students footnotes click <a href=http://w3.unece.org/PXWeb2015/pxweb/en/STAT/STAT__30-GE__04-EducatAndcommunicat/006_en_GEECTertStud_r.px>here</a>. The reference year corresponds to the beginning of the school/academic year.  For example, 2012 stands for school/academic year 2012/2013. ","SourceWebLink": "/PXWeb2015/pxweb/en/STAT/STAT__10-CountryOverviews__01-Figures/ZZZ_en_CoSummary_r.px","ColorScale": "L"}
,{"Code": "15","Domain_id": "2","Name": "Adolescent fertility rate (births/1000 women)","GradeValues": "0.0, 7.0, 15.0, 22.0, 30.0","GradeColors": "'#FFE6FF', '#CF8FCF', '#994599', '#691969', '#330033'","Measure": "births/1000 women","Note": "Values for the following countries are missing and correspond to the previous year, <I>Armenia, Georgia, Israel, Kazakhstan, Russian Federation, Tajikistan</I>.<BR/><ECESEP/>For fertility rate footnotes click <a href=http://w3.unece.org/PXWeb2015/pxweb/en/STAT/STAT__30-GE__02-Families_households/02_en_GEFHFertilityRate_r.px>here</a>.","SourceWebLink": "/PXWeb2015/pxweb/en/STAT/STAT__10-CountryOverviews__01-Figures/ZZZ_en_CoSummary_r.px","ColorScale": "L"}
,{"Code": "34","Domain_id": "2","Name": "Mean age of women at birth of first child","GradeValues": "20.0, 22.0, 25.0, 27.0, 30.0","GradeColors": "'#FFE6FF', '#D69AD6', '#994599', '#701E70', '#330033'","Measure": "years","Note": "Values for the following countries are missing and correspond to the previous year, <I>Denmark, Finland, Germany, Ireland, Luxembourg, Norway, Portugal, Switzerland, United Kingdom</I>.<BR/><ECESEP/>&nbsp;","SourceWebLink": "/PXWeb2015/pxweb/en/STAT/STAT__10-CountryOverviews__01-Figures/ZZZ_en_CoSummary_r.px","ColorScale": "L"}
,{"Code": "26","Domain_id": "2","Name": "Total fertility rate","GradeValues": "1.0, 1.2, 1.5, 1.8, 2.1, 2.3, 2.7, 3.0","GradeColors": "'#003366', '#154C82', '#4679AC', '#8CB0D5', '#FFE6FF', '#D293D2', '#772477', '#330033'","Measure": "children","Note": "Values for the following countries are missing and correspond to the previous year, <I>Albania</I>.<BR/><ECESEP/>For total fertility rate footnotes click <a href=http://w3.unece.org/PXWeb2015/pxweb/en/STAT/STAT__30-GE__02-Families_households/02_en_GEFHFertilityRate_r.px>here</a>. ","SourceWebLink": "/PXWeb2015/pxweb/en/STAT/STAT__10-CountryOverviews__01-Figures/ZZZ_en_CoSummary_r.px","ColorScale": "L"}
,{"Code": "19","Domain_id": "20","Name": "Share of women among government ministers, %","GradeValues": "0.0, 10.0, 20.0, 30.0, 40.0","GradeColors": "'#FFE6FF', '#CC8ACC', '#994599', '#661766', '#330033'","Measure": "%","Note": "Values for the following countries are missing and correspond to the previous year, <I>Azerbaijan, Bosnia and Herzegovina, Bulgaria, Canada, Kyrgyzstan, Luxembourg, Malta, Poland, Romania, Tajikistan, The former Yugoslav Republic of Macedonia, United States, Uzbekistan</I>.<BR/><ECESEP/>For female government ministers footnotes click <a href=http://w3.unece.org/PXWeb2015/pxweb/en/STAT/STAT__30-GE__05-PublicAnddecision/002_en_GEPDGovMin_r.px>here</a>. ","SourceWebLink": "/PXWeb2015/pxweb/en/STAT/STAT__10-CountryOverviews__01-Figures/ZZZ_en_CoSummary_r.px","ColorScale": "L"}
,{"Code": "32","Domain_id": "20","Name": "Share of women among judges, %","GradeValues": "0.0, 10.0, 30.0, 50.0, 70.0","GradeColors": "'#FFE6FF', '#E2AEE2', '#A856A8', '#6D1C6D', '#330033'","Measure": "%","Note": "Values for the following countries are missing and correspond to the previous year, <I>Cyprus, Estonia, Finland, Israel, Russian Federation</I>.<BR/><ECESEP/>&nbsp;","SourceWebLink": "/PXWeb2015/pxweb/en/STAT/STAT__10-CountryOverviews__01-Figures/ZZZ_en_CoSummary_r.px","ColorScale": "L"}
,{"Code": "311","Domain_id": "20","Name": "Share of women among legislators, senior officials and managers, %","GradeValues": "0.0, 10.0, 20.0, 30.0, 40.0","GradeColors": "'#FFE6FF', '#CC8ACC', '#994599', '#661766', '#330033'","Measure": "%","Note": "Values for the following countries are missing and correspond to the previous year, <I>Azerbaijan, Kazakhstan, Moldova, Republic of, Ukraine, The former Yugoslav Republic of Macedonia</I>.<BR/><ECESEP/>Legislators, senior officials and managers form the top category of the International System of Classification of Occupations (ISCO). ","SourceWebLink": "/PXWeb2015/pxweb/en/STAT/STAT__30-GE__03-WorkAndeconomy/004_en_GEWEEmpISCO88SPN_r.px","ColorScale": "L"}
,{"Code": "20","Domain_id": "20","Name": "Share of women among members of parliament, %","GradeValues": "0.0, 10.0, 20.0, 30.0, 40.0","GradeColors": "'#FFE6FF', '#CC8ACC', '#994599', '#661766', '#330033'","Measure": "%","Note": "Values for the following countries are missing and correspond to the previous year, <I>Belarus</I>.<BR/><ECESEP/>For female members of parliament footnotes click <a href=http://w3.unece.org/PXWeb2015/pxweb/en/STAT/STAT__30-GE__05-PublicAnddecision/001_en_GEPDNatParliament_r.px>here</a>. ","SourceWebLink": "/PXWeb2015/pxweb/en/STAT/STAT__10-CountryOverviews__01-Figures/ZZZ_en_CoSummary_r.px","ColorScale": "L"}
,{"Code": "310","Domain_id": "20","Name": "Share of women among police staff, %","GradeValues": "0.0, 7.0, 15.0, 22.0, 30.0","GradeColors": "'#FFE6FF', '#CF8FCF', '#994599', '#691969', '#330033'","Measure": "%","Note": "Values for the following countries are missing and correspond to the previous year, <I>Czech Republic, Germany, Iceland, Italy, Latvia, Lithuania, Netherlands, Norway, Portugal, Serbia, Switzerland</I>.<BR/><ECESEP/>Police staff or law enforcement personnel: personnel in public agencies whose principal functions are prevention, detection and investigation of crime and the apprehension of alleged offenders. Data focus on the civil police rather than on the national guard or local militia. Data concerning support staff (secretaries, clerks etc.) are not included.","SourceWebLink": "/PXWeb2015/pxweb/en/STAT/STAT__30-GE__05-PublicAnddecision/ZZZ_en_GEPL_PoliceStaff_r.px","ColorScale": "L"}
,{"Code": "307","Domain_id": "21","Name": "Proportion of men who use internet weekly, %","GradeValues": "10.0, 30.0, 50.0, 70.0, 90.0","GradeColors": "'#FFE6FF', '#CC8ACC', '#994599', '#661766', '#330033'","Measure": "%","Note": "Values for the following countries are missing and correspond to the previous year, <I>Azerbaijan, Montenegro, Ukraine</I>.<BR/><ECESEP/>Proportion of individuals aged 15 to 74 who used the internet at least once a week in the last three months preceding the survey.   ","SourceWebLink": "/PXWeb2015/pxweb/en/STAT/STAT__30-GE__09-Science_ICT/02_en_GEICT_InternetUse_r.px","ColorScale": "L"}
,{"Code": "306","Domain_id": "21","Name": "Proportion of women who use internet weekly, %","GradeValues": "10.0, 20.0, 40.0, 60.0, 80.0","GradeColors": "'#FFE6FF', '#E2AEE2', '#A856A8', '#6D1C6D', '#330033'","Measure": "%","Note": "Values for the following countries are missing and correspond to the previous year, <I>Azerbaijan, Montenegro, Ukraine</I>.<BR/><ECESEP/>Proportion of individuals aged 15 to 74 who used the internet at least once a week in the last three months preceding the survey. ","SourceWebLink": "/PXWeb2015/pxweb/en/STAT/STAT__30-GE__09-Science_ICT/02_en_GEICT_InternetUse_r.px","ColorScale": "L"}
,{"Code": "31","Domain_id": "21","Name": "Share of women among researchers, %","GradeValues": "20.0, 30.0, 40.0, 50.0","GradeColors": "'#FFE6FF', '#BB70BB', '#772477', '#330033'","Measure": "%","Note": "Values for the following countries are missing and correspond to the previous year, <I>Azerbaijan, Armenia, Belarus, Kazakhstan, Kyrgyzstan, Moldova, Republic of, Serbia, Switzerland, Tajikistan, Ukraine, The former Yugoslav Republic of Macedonia</I>.<BR/><ECESEP/>&nbsp;","SourceWebLink": "/PXWeb2015/pxweb/en/STAT/STAT__10-CountryOverviews__01-Figures/ZZZ_en_CoSummary_r.px","ColorScale": "L"}
,{"Code": "305","Domain_id": "22","Name": "Employment rate of women aged 25-49 with less than 3 year old child, %","GradeValues": "0.0, 10.0, 30.0, 50.0, 70.0","GradeColors": "'#FFE6FF', '#E2AEE2', '#A856A8', '#6D1C6D', '#330033'","Measure": "%","Note": "The employment rate is the share of employed persons aged 25 to 49 in the population of the corresponding sex and age group. Data are reported according to the age of the youngest child living in the household. Children living outside the household are not considered.","SourceWebLink": "/PXWeb2015/pxweb/en/STAT/STAT__30-GE__98-GE_LifeBalance/0101_en_GEWE_EmpRatAYC_r.px","ColorScale": "L"}
,{"Code": "304","Domain_id": "22","Name": "Enrolment rate of children in child care, %","GradeValues": "0.0, 10.0, 20.0, 30.0, 50.0","GradeColors": "'#FFE6FF', '#D69AD6', '#AD5EAD', '#853085', '#330033'","Measure": "%","Note": "Values for the following countries are missing and correspond to the previous year, <I>Czech Republic, Israel</I>.<BR/><ECESEP/>Enrolment in child-care centres is the number of children of less than 3 year old enrolled in child-care centres per 100 children of the same age group. Data normally refer to beginning of the school-year. ","SourceWebLink": "/PXWeb2015/pxweb/en/STAT/STAT__30-GE__98-GE_LifeBalance/0104_en_GELB_Child_CARE_r.px","ColorScale": "L"}
,{"Code": "324","Domain_id": "23","Name": "Employment in Forestry, 1000 persons","GradeValues": "0.0, 50.0, 100.0, 150.0, 210.0","GradeColors": "'#FFE6FF', '#CE8ECE', '#9E4A9E', '#6D1C6D', '#330033'","Measure": "1000 persons","Note": ".","SourceWebLink": "/PXWeb2015/pxweb/en/STAT/STAT__26-TMSTAT1__005-TM15Others/010_en_TM15_QS_r.px","ColorScale": "L"}
,{"Code": "326","Domain_id": "23","Name": "Exports of forest products, million Euro/ECU","GradeValues": "0.0, 5000.0, 10000.0, 15000.0, 20000.0","GradeColors": "'#FFE6FF', '#CC8ACC', '#994599', '#661766', '#330033'","Measure": "million Euro/ECU","Note": ".","SourceWebLink": "/PXWeb2015/pxweb/en/STAT/STAT__26-TMSTAT1__005-TM15Others/010_en_TM15_QS_r.px","ColorScale": "L"}
,{"Code": "321","Domain_id": "23","Name": "Forest area with damage, 1000 ha","GradeValues": "0.0, 500.0, 1000.0, 1500.0, 2000.0","GradeColors": "'#FFE6FF', '#CC8ACC', '#994599', '#661766', '#330033'","Measure": "1000 ha","Note": ".","SourceWebLink": "/PXWeb2015/pxweb/en/STAT/STAT__26-TMSTAT1__005-TM15Others/010_en_TM15_QS_r.px","ColorScale": "L"}
,{"Code": "319","Domain_id": "23","Name": "Forest Area, 1000 ha","GradeValues": "0.0, 100000.0, 200000.0, 500000.0, 1000000.0","GradeColors": "'#FFE6FF', '#AD5EAD', '#853085', '#5C115C', '#330033'","Measure": "1000 ha","Note": ".","SourceWebLink": "/PXWeb2015/pxweb/en/STAT/STAT__26-TMSTAT1__005-TM15Others/010_en_TM15_QS_r.px","ColorScale": "B"}
,{"Code": "323","Domain_id": "23","Name": "Gross Value Added in Forestry, million Euro/ECU","GradeValues": "0.0, 1000.0, 2000.0, 3000.0, 5000.0","GradeColors": "'#FFE6FF', '#D69AD6', '#AD5EAD', '#853085', '#330033'","Measure": "million Euro/ECU","Note": ".","SourceWebLink": "/PXWeb2015/pxweb/en/STAT/STAT__26-TMSTAT1__005-TM15Others/010_en_TM15_QS_r.px","ColorScale": "L"}
,{"Code": "320","Domain_id": "23","Name": "Growing Stock on Forest, million m3 over bark","GradeValues": "0.0, 10000.0, 20000.0, 50000.0, 100000.0","GradeColors": "'#FFE6FF', '#AD5EAD', '#853085', '#5C115C', '#330033'","Measure": "million m3 over bark","Note": ".","SourceWebLink": "/PXWeb2015/pxweb/en/STAT/STAT__26-TMSTAT1__005-TM15Others/010_en_TM15_QS_r.px","ColorScale": "B"}
,{"Code": "327","Domain_id": "23","Name": "Imports of forest products, million Euro/ECU","GradeValues": "0.0, 3000.0, 7000.0, 11000.0, 15000.0","GradeColors": "'#FFE6FF', '#D69AD6', '#A04DA0', '#691969', '#330033'","Measure": "million Euro/ECU","Note": ".","SourceWebLink": "/PXWeb2015/pxweb/en/STAT/STAT__26-TMSTAT1__005-TM15Others/010_en_TM15_QS_r.px","ColorScale": "L"}
,{"Code": "322","Domain_id": "23","Name": "Removals, 1000 m3 under bark","GradeValues": "0.0, 20000.0, 50000.0, 70000.0, 100000.0","GradeColors": "'#FFE6FF', '#D69AD6', '#994599', '#701E70', '#330033'","Measure": "1000 m3 under bark","Note": ".","SourceWebLink": "/PXWeb2015/pxweb/en/STAT/STAT__26-TMSTAT1__005-TM15Others/010_en_TM15_QS_r.px","ColorScale": "L"}
,{"Code": "325","Domain_id": "23","Name": "Wood consumption, m3 round wood equivalent per 1000 population","GradeValues": "0.0, 1000.0, 2000.0, 3000.0, 5000.0","GradeColors": "'#FFE6FF', '#D69AD6', '#AD5EAD', '#853085', '#330033'","Measure": "m3 round wood equivalent per 1000 population","Note": ".","SourceWebLink": "/PXWeb2015/pxweb/en/STAT/STAT__26-TMSTAT1__005-TM15Others/010_en_TM15_QS_r.px","ColorScale": "L"}
,{"Code": "16","Domain_id": "4","Name": "Area, square kilometers","GradeValues": "0.0, 200000.0, 500000.0, 1000000.0, 2000000.0","GradeColors": "'#FFE6FF', '#AD5EAD', '#853085', '#5C115C', '#330033'","Measure": "sq. km.","Note": "&nbsp;","SourceWebLink": "/PXWeb2015/pxweb/en/STAT/STAT__10-CountryOverviews__01-Figures/ZZZ_en_CoSummary_r.px","ColorScale": "B"}
,{"Code": "316","Domain_id": "5","Name": "Life expectancy at 65, men (years)","GradeValues": "10.0, 12.0, 14.0, 16.0, 18.0","GradeColors": "'#FFE6FF', '#CC8ACC', '#994599', '#661766', '#330033'","Measure": "years","Note": "Values for the following countries are missing and correspond to the previous year, <I>Azerbaijan, Armenia, Belarus, Georgia, Israel, Kazakhstan, Tajikistan, Ukraine, United States</I>.<BR/><ECESEP/>For life expectancy footnotes click <a href=http://w3.unece.org/PXWeb2015/pxweb/en/STAT/STAT__30-GE__06-Health/001_en_GEHELifeExpect_r.px>here</a>.  ","SourceWebLink": "/PXWeb2015/pxweb/en/STAT/STAT__30-GE__06-Health/001_en_GEHELifeExpect_r.px","ColorScale": "L"}
,{"Code": "317","Domain_id": "5","Name": "Life expectancy at 65, women (years)","GradeValues": "14.0, 16.0, 18.0, 20.0, 22.0","GradeColors": "'#FFE6FF', '#CC8ACC', '#994599', '#661766', '#330033'","Measure": "years","Note": "Values for the following countries are missing and correspond to the previous year, <I>Azerbaijan, Armenia, Belarus, Georgia, Israel, Kazakhstan, Tajikistan, Ukraine, United States</I>.<BR/><ECESEP/>For life expectancy footnotes click <a href=http://w3.unece.org/PXWeb2015/pxweb/en/STAT/STAT__30-GE__06-Health/001_en_GEHELifeExpect_r.px>here</a>.  ","SourceWebLink": "/PXWeb2015/pxweb/en/STAT/STAT__30-GE__06-Health/001_en_GEHELifeExpect_r.px","ColorScale": "L"}
,{"Code": "37","Domain_id": "5","Name": "Life expectancy at birth, men (years)","GradeValues": "60.0, 65.0, 70.0, 75.0, 80.0","GradeColors": "'#FFE6FF', '#CC8ACC', '#994599', '#661766', '#330033'","Measure": "years","Note": "Values for the following countries are missing and correspond to the previous year, <I>Azerbaijan, Armenia, Belarus, Georgia, Israel, Kazakhstan, Tajikistan, Ukraine, United States</I>.<BR/><ECESEP/>For life expectancy footnotes click <a href=http://w3.unece.org/PXWeb2015/pxweb/en/STAT/STAT__30-GE__06-Health/001_en_GEHELifeExpect_r.px>here</a>.  ","SourceWebLink": "/PXWeb2015/pxweb/en/STAT/STAT__10-CountryOverviews__01-Figures/ZZZ_en_CoSummary_r.px","ColorScale": "L"}
,{"Code": "38","Domain_id": "5","Name": "Life expectancy at birth, women (years)","GradeValues": "72.0, 75.0, 78.0, 81.0, 85.0","GradeColors": "'#FFE6FF', '#D090D0', '#A14EA1', '#722072', '#330033'","Measure": "years","Note": "Values for the following countries are missing and correspond to the previous year, <I>Azerbaijan, Armenia, Belarus, Georgia, Israel, Kazakhstan, Tajikistan, Ukraine, United States</I>.<BR/><ECESEP/>For life expectancy footnotes click <a href=http://w3.unece.org/PXWeb2015/pxweb/en/STAT/STAT__30-GE__06-Health/001_en_GEHELifeExpect_r.px>here</a>.  ","SourceWebLink": "/PXWeb2015/pxweb/en/STAT/STAT__10-CountryOverviews__01-Figures/ZZZ_en_CoSummary_r.px","ColorScale": "L"}
,{"Code": "22","Domain_id": "7","Name": "Population density, pers. per sq. km","GradeValues": "0.0, 50.0, 100.0, 200.0","GradeColors": "'#FFE6FF', '#994599', '#661766', '#330033'","Measure": "pers. per sq. km","Note": "Values for the following countries are missing and correspond to the previous year, <I>Albania, Armenia, Georgia, Israel, Kazakhstan, Russian Federation, Tajikistan</I>.<BR/><ECESEP/>For population footnotes click <a href=http://w3.unece.org/PXWeb2015/pxweb/en/STAT/STAT__30-GE__01-Pop/002_en_GEPOAggSPN_r.px>here</a>. ","SourceWebLink": "/PXWeb2015/pxweb/en/STAT/STAT__10-CountryOverviews__01-Figures/ZZZ_en_CoSummary_r.px","ColorScale": "B"}
,{"Code": "23","Domain_id": "7","Name": "Share of women in total population, %","GradeValues": "48.0, 49.0, 50.0, 51.0, 52.0, 53.0, 54.0","GradeColors": "'#660066', '#B350B3', '#E6F2FF', '#92B6D9', '#5081B3', '#20568C', '#003366'","Measure": "%","Note": "Values for the following countries are missing and correspond to the previous year, <I>Albania, Armenia, Georgia, Israel, Kazakhstan, Liechtenstein, Russian Federation, Tajikistan</I>.<BR/><ECESEP/>For population footnotes click <a href=http://w3.unece.org/PXWeb2015/pxweb/en/STAT/STAT__30-GE__01-Pop/002_en_GEPOAggSPN_r.px>here</a>. ","SourceWebLink": "/PXWeb2015/pxweb/en/STAT/STAT__10-CountryOverviews__01-Figures/ZZZ_en_CoSummary_r.px","ColorScale": "L"}
,{"Code": "25","Domain_id": "7","Name": "Total population, pers.","GradeValues": "200000.0, 20000000, 50000000, 100000000, 200000000","GradeColors": "'#FFE6FF', '#AD5EAD', '#853085', '#5C115C', '#330033'","Measure": "pers.","Note": "Values for the following countries are missing and correspond to the previous year, <I>Albania, Armenia, Georgia, Israel, Kazakhstan, Liechtenstein, Russian Federation, Tajikistan</I>.<BR/><ECESEP/>For population footnotes click <a href=http://w3.unece.org/PXWeb2015/pxweb/en/STAT/STAT__30-GE__01-Pop/002_en_GEPOAggSPN_r.px>here</a>. ","SourceWebLink": "/PXWeb2015/pxweb/en/STAT/STAT__10-CountryOverviews__01-Figures/ZZZ_en_CoSummary_r.px","ColorScale": "B"}
,{"Code": "57","Domain_id": "8","Name": "Number of casualties (fatalities + injured) in road traffic accidents","GradeValues": "0.0, 200000.0, 500000.0, 700000.0, 1000000.0","GradeColors": "'#FFE6FF', '#D69AD6', '#994599', '#701E70', '#330033'","Measure": "-","Note": "Values for the following countries are missing and correspond to the previous year, <I>Canada</I>.<BR/><ECESEP/>Source: UNECE Transport Statistics Database, compiled from national and international official sources.<br> For definitions, see <a href=http://live.unece.org/trans/main/wp6/publications/stats_glossary.html>the Glossary for Transport Statistics</a>.<br>","SourceWebLink": "/PXWeb2015/pxweb/en/STAT/STAT__40-TRTRANS__01-TRACCIDENTS/ZZZ_en_TRAccCasual_r.px","ColorScale": "L"}
,{"Code": "62","Domain_id": "8","Name": "Number of drivers injured in road traffic accidents","GradeValues": "0.0, 20000.0, 50000.0, 100000.0, 200000.0","GradeColors": "'#FFE6FF', '#AD5EAD', '#853085', '#5C115C', '#330033'","Measure": "-","Note": "Values for the following countries are missing and correspond to the previous year, <I>Armenia, Ireland, Luxembourg, Portugal, Sweden, The former Yugoslav Republic of Macedonia</I>.<BR/><ECESEP/>Source: UNECE Transport Statistics Database, compiled from national and international official sources.<br> For definitions, see <a href=http://live.unece.org/trans/main/wp6/publications/stats_glossary.html>the Glossary for Transport Statistics</a>.<br>","SourceWebLink": "/PXWeb2015/pxweb/en/STAT/STAT__40-TRTRANS__01-TRACCIDENTS/ZZZ_en_TRAccInjDriver_r.px","ColorScale": "B"}
,{"Code": "61","Domain_id": "8","Name": "Number of drivers killed in road traffic accidents","GradeValues": "0.0, 200.0, 500.0, 1000.0, 3000.0","GradeColors": "'#FFE6FF', '#AD5EAD', '#853085', '#5C115C', '#330033'","Measure": "-","Note": "Values for the following countries are missing and correspond to the previous year, <I>Armenia, Ireland, Luxembourg, Portugal, Sweden, The former Yugoslav Republic of Macedonia</I>.<BR/><ECESEP/>Source: UNECE Transport Statistics Database, compiled from national and international official sources.<br> For definitions, see <a href=http://live.unece.org/trans/main/wp6/publications/stats_glossary.html>the Glossary for Transport Statistics</a>.<br>","SourceWebLink": "/PXWeb2015/pxweb/en/STAT/STAT__40-TRTRANS__01-TRACCIDENTS/ZZZ_en_TRAccKillDriver_r.px","ColorScale": "B"}
,{"Code": "40","Domain_id": "8","Name": "Number of fatalities in road traffic accidents","GradeValues": "0.0, 2000.0, 5000.0, 10000.0, 20000.0","GradeColors": "'#FFE6FF', '#AD5EAD', '#853085', '#5C115C', '#330033'","Measure": "-","Note": "Values for the following countries are missing and correspond to the previous year, <I>Albania, Azerbaijan, Armenia, Belarus, Kazakhstan, Montenegro, Tajikistan, Uzbekistan</I>.<BR/><ECESEP/>Source: UNECE Transport Statistics Database, compiled from national and international official sources.<br> For definitions, see <a href=http://live.unece.org/trans/main/wp6/publications/stats_glossary.html>the Glossary for Transport Statistics</a>.<br>To see footnotes click <a href=http://w3.unece.org/PXWeb2015/pxweb/en/STAT/STAT__40-TRTRANS__01-TRACCIDENTS/01_en_TRAccprofile_r.px>here</a>.","SourceWebLink": "/PXWeb2015/pxweb/en/STAT/STAT__10-CountryOverviews__01-Figures/ZZZ_en_CoSummary_r.px","ColorScale": "B"}
,{"Code": "45","Domain_id": "8","Name": "Number of fatalities per 100 000 passenger cars","GradeValues": "0.0, 20.0, 50.0, 70.0, 100.0","GradeColors": "'#FFE6FF', '#D69AD6', '#994599', '#701E70', '#330033'","Measure": "-","Note": "Values for the following countries are missing and correspond to the previous year, <I>Azerbaijan, Bosnia and Herzegovina, Georgia, Israel, Kazakhstan, Luxembourg, Moldova, Republic of, Russian Federation, Serbia, Spain, Switzerland, The former Yugoslav Republic of Macedonia</I>.<BR/><ECESEP/>Source: UNECE Transport Statistics Database, compiled from national and international official sources.<br> For definitions, see <a href=http://live.unece.org/trans/main/wp6/publications/stats_glossary.html>the Glossary for Transport Statistics</a>.<br>","SourceWebLink": "/PXWeb2015/pxweb/en/STAT/STAT__40-TRTRANS__01-TRACCIDENTS/ZZZ_en_TRFatPerTsndPassCars_r.px","ColorScale": "L"}
,{"Code": "58","Domain_id": "8","Name": "Number of fatalities per 1000 road traffic accidents","GradeValues": "0.0, 20.0, 50.0, 100.0, 300.0","GradeColors": "'#FFE6FF', '#AD5EAD', '#853085', '#5C115C', '#330033'","Measure": "-","Note": "Values for the following countries are missing and correspond to the previous year, <I>Albania, Azerbaijan, Armenia, Belarus, Ireland, Kazakhstan, Tajikistan, Uzbekistan</I>.<BR/><ECESEP/>Source: UNECE Transport Statistics Database, compiled from national and international official sources.<br> For definitions, see <a href=http://live.unece.org/trans/main/wp6/publications/stats_glossary.html>the Glossary for Transport Statistics</a>.<br>","SourceWebLink": "/PXWeb2015/pxweb/en/STAT/STAT__40-TRTRANS__01-TRACCIDENTS/ZZZ_en_TRAccSever_r.px","ColorScale": "B"}
,{"Code": "48","Domain_id": "8","Name": "Number of fatalities per million inhabitants in road traffic accidents","GradeValues": "20.0, 50.0, 80.0, 110.0, 150.0","GradeColors": "'#FFE6FF', '#D090D0', '#A14EA1', '#722072', '#330033'","Measure": "-","Note": "Values for the following countries are missing and correspond to the previous year, <I>Albania, Azerbaijan, Armenia, Belarus, Kazakhstan, Montenegro, Tajikistan, Uzbekistan</I>.<BR/><ECESEP/>Source: UNECE Transport Statistics Database, compiled from national and international official sources.<br> For definitions, see <a href=http://live.unece.org/trans/main/wp6/publications/stats_glossary.html>the Glossary for Transport Statistics</a>.<br>","SourceWebLink": "/PXWeb2015/pxweb/en/STAT/STAT__40-TRTRANS__01-TRACCIDENTS/011_en_TRAccRateprofile_r.px","ColorScale": "L"}
,{"Code": "39","Domain_id": "8","Name": "Number of injured in road traffic accidents","GradeValues": "0.0, 1000.0, 10000.0, 100000.0, 1000000.0","GradeColors": "'#FFE6FF', '#AD5EAD', '#853085', '#5C115C', '#330033'","Measure": "-","Note": "Values for the following countries are missing and correspond to the previous year, <I>Albania, Azerbaijan, Armenia, Bulgaria, Belarus, Estonia, Ireland, Kazakhstan, Malta, Montenegro, Serbia, Slovakia, Uzbekistan</I>.<BR/><ECESEP/>Source: UNECE Transport Statistics Database, compiled from national and international official sources.<br> For definitions, see <a href=http://live.unece.org/trans/main/wp6/publications/stats_glossary.html>the Glossary for Transport Statistics</a>.<br> For road accident footnotes click <a href=http://w3.unece.org/PXWeb2015/pxweb/en/STAT/STAT__40-TRTRANS__01-TRACCIDENTS/01_en_TRAccprofile_r.px>here</a>.","SourceWebLink": "/PXWeb2015/pxweb/en/STAT/STAT__10-CountryOverviews__01-Figures/ZZZ_en_CoSummary_r.px","ColorScale": "G"}
,{"Code": "46","Domain_id": "8","Name": "Number of injured per 100 000 passenger cars","GradeValues": "0.0, 500.0, 1000.0, 2000.0, 5000.0","GradeColors": "'#FFE6FF', '#AD5EAD', '#853085', '#5C115C', '#330033'","Measure": "-","Note": "Values for the following countries are missing and correspond to the previous year, <I>Azerbaijan, Bosnia and Herzegovina, Bulgaria, Estonia, Georgia, Ireland, Israel, Kazakhstan, Luxembourg, Malta, Moldova, Republic of, Russian Federation, Serbia, Slovakia, Spain, Switzerland, The former Yugoslav Republic of Macedonia</I>.<BR/><ECESEP/>Source: UNECE Transport Statistics Database, compiled from national and international official sources.<br> For definitions, see <a href=http://live.unece.org/trans/main/wp6/publications/stats_glossary.html>the Glossary for Transport Statistics</a>.<br>","SourceWebLink": "/PXWeb2015/pxweb/en/STAT/STAT__40-TRTRANS__01-TRACCIDENTS/ZZZ_en_TRInjPTausPassCar_r.px","ColorScale": "B"}
,{"Code": "54","Domain_id": "8","Name": "Number of injury accidents in road traffic","GradeValues": "0.0, 100000.0, 200000.0, 500000.0, 1000000.0","GradeColors": "'#FFE6FF', '#AD5EAD', '#853085', '#5C115C', '#330033'","Measure": "-","Note": "Values for the following countries are missing and correspond to the previous year, <I>Albania, Azerbaijan, Armenia, Belarus, Ireland, Kazakhstan, Tajikistan, Uzbekistan</I>.<BR/><ECESEP/>Source: UNECE Transport Statistics Database, compiled from national and international official sources.<br> For definitions, see <a href=http://live.unece.org/trans/main/wp6/publications/stats_glossary.html>the Glossary for Transport Statistics</a>.<br>","SourceWebLink": "/PXWeb2015/pxweb/en/STAT/STAT__40-TRTRANS__01-TRACCIDENTS/01_en_TRAccprofile_r.px","ColorScale": "B"}
,{"Code": "60","Domain_id": "8","Name": "Number of pedestrians injured in road traffic accidents","GradeValues": "0.0, 10000.0, 20000.0, 30000.0, 50000.0","GradeColors": "'#FFE6FF', '#D69AD6', '#AD5EAD', '#853085', '#330033'","Measure": "-","Note": "Values for the following countries are missing and correspond to the previous year, <I>Cyprus, Ireland, Israel, Luxembourg, Portugal, Sweden, The former Yugoslav Republic of Macedonia, United States</I>.<BR/><ECESEP/>Source: UNECE Transport Statistics Database, compiled from national and international official sources.<br> For definitions, see <a href=http://live.unece.org/trans/main/wp6/publications/stats_glossary.html>the Glossary for Transport Statistics</a>.<br>","SourceWebLink": "/PXWeb2015/pxweb/en/STAT/STAT__40-TRTRANS__01-TRACCIDENTS/ZZZ_en_TRAccKInjMode_r.px","ColorScale": "L"}
,{"Code": "59","Domain_id": "8","Name": "Number of pedestrians killed in road traffic accidents","GradeValues": "0.0, 200.0, 500.0, 1000.0, 2000.0","GradeColors": "'#FFE6FF', '#AD5EAD', '#853085', '#5C115C', '#330033'","Measure": "-","Note": "Values for the following countries are missing and correspond to the previous year, <I>Azerbaijan, Ireland, Spain, Switzerland, United Kingdom</I>.<BR/><ECESEP/>Source: UNECE Transport Statistics Database, compiled from national and international official sources.<br> For definitions, see <a href=http://live.unece.org/trans/main/wp6/publications/stats_glossary.html>the Glossary for Transport Statistics</a>.<br>","SourceWebLink": "/PXWeb2015/pxweb/en/STAT/STAT__40-TRTRANS__01-TRACCIDENTS/ZZZ_en_TRAccFatMode_r.px","ColorScale": "B"}
,{"Code": "50","Domain_id": "8","Name": "Number of road traffic accidents involving one or more persons under the influence of alcohol","GradeValues": "0.0, 10000.0, 20000.0, 50000.0, 100000.0","GradeColors": "'#FFE6FF', '#AD5EAD', '#853085', '#5C115C', '#330033'","Measure": "-","Note": "Values for the following countries are missing and correspond to the previous year, <I>Moldova, Republic of, Turkey</I>.<BR/><ECESEP/>Source: UNECE Transport Statistics Database, compiled from national and international official sources.<br> For definitions, see <a href=http://live.unece.org/trans/main/wp6/publications/stats_glossary.html>the Glossary for Transport Statistics</a>.<br>","SourceWebLink": "/PXWeb2015/pxweb/en/STAT/STAT__40-TRTRANS__01-TRACCIDENTS/ZZZ_en_TRAccalcoholnb_r.px","ColorScale": "B"}
,{"Code": "51","Domain_id": "9","Name": "Carriage of goods by road (million, tonne-km)","GradeValues": "0.0, 50000.0, 100000.0, 150000.0, 200000.0","GradeColors": "'#FFE6FF', '#CC8ACC', '#994599', '#661766', '#330033'","Measure": "million, tonne-km","Note": "Values for the following countries are missing and correspond to the previous year, <I>Belgium, Greece</I>.<BR/><ECESEP/>Source: UNECE Transport Statistics Database, compiled from national and international official sources.<br> For definitions, see <a href=http://live.unece.org/trans/main/wp6/publications/stats_glossary.html>the Glossary for Transport Statistics</a>.<br>","SourceWebLink": "/PXWeb2015/pxweb/en/STAT/STAT__40-TRTRANS__02-TRROAD/ZZZ_en_TRRoadGoodsTkm_r.px","ColorScale": "L"}
,{"Code": "44","Domain_id": "9","Name": "Number of passenger cars per 1000 inhabitants","GradeValues": "50.0, 100.0, 200.0, 300.0, 500.0","GradeColors": "'#FFE6FF', '#E8BAE8', '#BB70BB', '#8E398E', '#330033'","Measure": "cars/1000 pers.","Note": "Values for the following countries are missing and correspond to the previous year, <I>Azerbaijan, Bosnia and Herzegovina, Canada, Georgia, Israel, Kazakhstan, Luxembourg, Moldova, Republic of, Russian Federation, Serbia, Spain, Switzerland, The former Yugoslav Republic of Macedonia</I>.<BR/><ECESEP/>Source: UNECE Transport Statistics Database, compiled from national and international official sources.<br> For definitions, see <a href=http://live.unece.org/trans/main/wp6/publications/stats_glossary.html>the Glossary for Transport Statistics</a>.<br>","SourceWebLink": "/PXWeb2015/pxweb/en/STAT/STAT__40-TRTRANS__02-TRRoadFleet/ZZZ_en_TRPassengCars_r.px","ColorScale": "L"}
]