[
 {"Name":"Австрия", "Code": "040"} ,
 {"Name":"Азербайджан", "Code": "031"} ,
 {"Name":"Албания", "Code": "008"} ,
 {"Name":"Армения", "Code": "051"} ,
 {"Name":"Беларусь", "Code": "112"} ,
 {"Name":"Бельгия", "Code": "056"} ,
 {"Name":"Болгария", "Code": "100"} ,
 {"Name":"Босния и Герцеговина", "Code": "070"} ,
 {"Name":"Бывшая югославская Республика Македония", "Code": "807"} ,
 {"Name":"Венгрия", "Code": "348"} ,
 {"Name":"Германия", "Code": "276"} ,
 {"Name":"Греция", "Code": "300"} ,
 {"Name":"Грузия", "Code": "268"} ,
 {"Name":"Дания", "Code": "208"} ,
 {"Name":"Израиль", "Code": "376"} ,
 {"Name":"Ирландия", "Code": "372"} ,
 {"Name":"Исландия", "Code": "352"} ,
 {"Name":"Испания", "Code": "724"} ,
 {"Name":"Италия", "Code": "380"} ,
 {"Name":"Казахстан", "Code": "398"} ,
 {"Name":"Канада", "Code": "124"} ,
 {"Name":"Кипр", "Code": "196"} ,
 {"Name":"Кыргызстан", "Code": "417"} ,
 {"Name":"Латвия", "Code": "428"} ,
 {"Name":"Литва", "Code": "440"} ,
 {"Name":"Лихтенштейн", "Code": "438"} ,
 {"Name":"Люксембург", "Code": "442"} ,
 {"Name":"Мальта", "Code": "470"} ,
 {"Name":"Молдова, республика", "Code": "498"} ,
 {"Name":"Нидерланды", "Code": "528"} ,
 {"Name":"Норвегия", "Code": "578"} ,
 {"Name":"Польша", "Code": "616"} ,
 {"Name":"Португалия", "Code": "620"} ,
 {"Name":"Российская Федерация", "Code": "643"} ,
 {"Name":"Румыния", "Code": "642"} ,
 {"Name":"Сербия", "Code": "688"} ,
 {"Name":"Словакия", "Code": "703"} ,
 {"Name":"Словения", "Code": "705"} ,
 {"Name":"Соединенное Королевство", "Code": "826"} ,
 {"Name":"Соединенные Штаты Америки", "Code": "840"} ,
 {"Name":"Таджикистан", "Code": "762"} ,
 {"Name":"Туркменистан", "Code": "795"} ,
 {"Name":"Турция", "Code": "792"} ,
 {"Name":"Узбекистан", "Code": "860"} ,
 {"Name":"Украина", "Code": "804"} ,
 {"Name":"Финляндия", "Code": "246"} ,
 {"Name":"Франция", "Code": "250"} ,
 {"Name":"Хорватия", "Code": "191"} ,
 {"Name":"Черногория", "Code": "499"} ,
 {"Name":"Чешская Республика", "Code": "203"} ,
 {"Name":"Швейцария", "Code": "756"} ,
 {"Name":"Швеция", "Code": "752"} ,
 {"Name":"Эстония", "Code": "233"} 
]