[
 {"Name":"Экономика", "Code": "1"},
 {"Name":"Семья", "Code": "17"},
 {"Name":"Рождаемость", "Code": "2"},
 {"Name":"Лесное хозяйство", "Code": "23"},
 {"Name":"Гендер, принятие решений", "Code": "20"},
 {"Name":"Гендер, образование", "Code": "19"},
 {"Name":"Гендер, рабочая сила", "Code": "18"},
 {"Name":"Гендер, наука и ИКТ", "Code": "21"},
 {"Name":"Гендер, баланс трудовой жизни", "Code": "22"},
 {"Name":"Общее", "Code": "4"},
 {"Name":"Здоровье", "Code": "5"},
 {"Name":"Цели развития тысячелетия", "Code": "14"},
 {"Name":"Население", "Code": "7"},
 {"Name":"Транспорт, внутренние водные пути", "Code": "11"},
 {"Name":"Транспорт, трубопроводы", "Code": "12"},
 {"Name":"Транспорт, железные дороги", "Code": "10"},
 {"Name":"Транспорт, дороги", "Code": "9"},
 {"Name":"Транспорт, дорожная безопасность", "Code": "8"}
]