[
 {"Name":"Albania", "Code": "008"} ,
 {"Name":"Armenia", "Code": "051"} ,
 {"Name":"Austria", "Code": "040"} ,
 {"Name":"Azerbaijan", "Code": "031"} ,
 {"Name":"Belarus", "Code": "112"} ,
 {"Name":"Belgium", "Code": "056"} ,
 {"Name":"Bosnia and Herzegovina", "Code": "070"} ,
 {"Name":"Bulgaria", "Code": "100"} ,
 {"Name":"Canada", "Code": "124"} ,
 {"Name":"Croatia", "Code": "191"} ,
 {"Name":"Cyprus", "Code": "196"} ,
 {"Name":"Czech Republic", "Code": "203"} ,
 {"Name":"Denmark", "Code": "208"} ,
 {"Name":"Estonia", "Code": "233"} ,
 {"Name":"Finland", "Code": "246"} ,
 {"Name":"France", "Code": "250"} ,
 {"Name":"Georgia", "Code": "268"} ,
 {"Name":"Germany", "Code": "276"} ,
 {"Name":"Greece", "Code": "300"} ,
 {"Name":"Hungary", "Code": "348"} ,
 {"Name":"Iceland", "Code": "352"} ,
 {"Name":"Ireland", "Code": "372"} ,
 {"Name":"Israel", "Code": "376"} ,
 {"Name":"Italy", "Code": "380"} ,
 {"Name":"Kazakhstan", "Code": "398"} ,
 {"Name":"Kyrgyzstan", "Code": "417"} ,
 {"Name":"Latvia", "Code": "428"} ,
 {"Name":"Liechtenstein", "Code": "438"} ,
 {"Name":"Lithuania", "Code": "440"} ,
 {"Name":"Luxembourg", "Code": "442"} ,
 {"Name":"Malta", "Code": "470"} ,
 {"Name":"Moldova, Republic of", "Code": "498"} ,
 {"Name":"Montenegro", "Code": "499"} ,
 {"Name":"Netherlands", "Code": "528"} ,
 {"Name":"Norway", "Code": "578"} ,
 {"Name":"Poland", "Code": "616"} ,
 {"Name":"Portugal", "Code": "620"} ,
 {"Name":"Romania", "Code": "642"} ,
 {"Name":"Russian Federation", "Code": "643"} ,
 {"Name":"Serbia", "Code": "688"} ,
 {"Name":"Slovakia", "Code": "703"} ,
 {"Name":"Slovenia", "Code": "705"} ,
 {"Name":"Spain", "Code": "724"} ,
 {"Name":"Sweden", "Code": "752"} ,
 {"Name":"Switzerland", "Code": "756"} ,
 {"Name":"Tajikistan", "Code": "762"} ,
 {"Name":"The former Yugoslav Republic of Macedonia", "Code": "807"} ,
 {"Name":"Turkey", "Code": "792"} ,
 {"Name":"Turkmenistan", "Code": "795"} ,
 {"Name":"Ukraine", "Code": "804"} ,
 {"Name":"United Kingdom", "Code": "826"} ,
 {"Name":"United States", "Code": "840"} ,
 {"Name":"Uzbekistan", "Code": "860"} 
]