[
{"Code": "008","Name": "Albania","Weblink": "http://www.unece.org/fileadmin/DAM/stats/profiles2015/albania.pdf"}
,{"Code": "020","Name": "Andorra","Weblink": "http://www.unece.org/fileadmin/DAM/stats/profiles2015/andorra.pdf"}
,{"Code": "031","Name": "Azerbaijan","Weblink": "http://www.unece.org/fileadmin/DAM/stats/profiles2015/azerbaijan_rev.pdf"}
,{"Code": "040","Name": "Austria","Weblink": "http://www.unece.org/fileadmin/DAM/stats/profiles2015/austria.pdf"}
,{"Code": "051","Name": "Armenia","Weblink": "http://www.unece.org/fileadmin/DAM/stats/profiles2015/armenia.pdf"}
,{"Code": "056","Name": "Belgium","Weblink": "http://www.unece.org/fileadmin/DAM/stats/profiles2015/belgium.pdf"}
,{"Code": "070","Name": "Bosnia and Herzegovina","Weblink": "http://www.unece.org/fileadmin/DAM/stats/profiles2015/bosnia_herzegovina.pdf"}
,{"Code": "100","Name": "Bulgaria","Weblink": "http://www.unece.org/fileadmin/DAM/stats/profiles2015/bulgaria.pdf"}
,{"Code": "112","Name": "Belarus","Weblink": "http://www.unece.org/fileadmin/DAM/stats/profiles2015/belarus.pdf"}
,{"Code": "124","Name": "Canada","Weblink": "http://www.unece.org/fileadmin/DAM/stats/profiles2015/canada.pdf"}
,{"Code": "191","Name": "Croatia","Weblink": "http://www.unece.org/fileadmin/DAM/stats/profiles2015/croatia.pdf"}
,{"Code": "196","Name": "Cyprus","Weblink": "http://www.unece.org/fileadmin/DAM/stats/profiles2015/cyprus.pdf"}
,{"Code": "203","Name": "Czech Republic","Weblink": "http://www.unece.org/fileadmin/DAM/stats/profiles2015/czech_republic.pdf"}
,{"Code": "208","Name": "Denmark","Weblink": "http://www.unece.org/fileadmin/DAM/stats/profiles2015/denmark.pdf"}
,{"Code": "233","Name": "Estonia","Weblink": "http://www.unece.org/fileadmin/DAM/stats/profiles2015/estonia.pdf"}
,{"Code": "246","Name": "Finland","Weblink": "http://www.unece.org/fileadmin/DAM/stats/profiles2015/finland.pdf"}
,{"Code": "250","Name": "France","Weblink": "http://www.unece.org/fileadmin/DAM/stats/profiles2015/france.pdf"}
,{"Code": "268","Name": "Georgia","Weblink": "http://www.unece.org/fileadmin/DAM/stats/profiles2015/georgia.pdf"}
,{"Code": "276","Name": "Germany","Weblink": "http://www.unece.org/fileadmin/DAM/stats/profiles2015/germany.pdf"}
,{"Code": "300","Name": "Greece","Weblink": "http://www.unece.org/fileadmin/DAM/stats/profiles2015/greece.pdf"}
,{"Code": "348","Name": "Hungary","Weblink": "http://www.unece.org/fileadmin/DAM/stats/profiles2015/hungary.pdf"}
,{"Code": "352","Name": "Iceland","Weblink": "http://www.unece.org/fileadmin/DAM/stats/profiles2015/iceland.pdf"}
,{"Code": "372","Name": "Ireland","Weblink": "http://www.unece.org/fileadmin/DAM/stats/profiles2015/ireland.pdf"}
,{"Code": "376","Name": "Israel","Weblink": "http://www.unece.org/fileadmin/DAM/stats/profiles2015/israel.pdf"}
,{"Code": "380","Name": "Italy","Weblink": "http://www.unece.org/fileadmin/DAM/stats/profiles2015/italy.pdf"}
,{"Code": "398","Name": "Kazakhstan","Weblink": "http://www.unece.org/fileadmin/DAM/stats/profiles2015/kazakhstan.pdf"}
,{"Code": "417","Name": "Kyrgyzstan","Weblink": "http://www.unece.org/fileadmin/DAM/stats/profiles2015/kyrgyzstan.pdf"}
,{"Code": "428","Name": "Latvia","Weblink": "http://www.unece.org/fileadmin/DAM/stats/profiles2015/latvia.pdf"}
,{"Code": "438","Name": "Liechtenstein","Weblink": "http://www.unece.org/fileadmin/DAM/stats/profiles2015/liechtenstein.pdf"}
,{"Code": "440","Name": "Lithuania","Weblink": "http://www.unece.org/fileadmin/DAM/stats/profiles2015/lithuania.pdf"}
,{"Code": "442","Name": "Luxembourg","Weblink": "http://www.unece.org/fileadmin/DAM/stats/profiles2015/luxembourg.pdf"}
,{"Code": "470","Name": "Malta","Weblink": "http://www.unece.org/fileadmin/DAM/stats/profiles2015/malta.pdf"}
,{"Code": "492","Name": "Monaco","Weblink": "http://www.unece.org/fileadmin/DAM/stats/profiles2015/monaco.pdf"}
,{"Code": "498","Name": "Moldova","Weblink": "http://www.unece.org/fileadmin/DAM/stats/profiles2015/modova.pdf"}
,{"Code": "499","Name": "Montenegro","Weblink": "http://www.unece.org/fileadmin/DAM/stats/profiles2015/montenegro.pdf"}
,{"Code": "528","Name": "Netherlands","Weblink": "http://www.unece.org/fileadmin/DAM/stats/profiles2015/netherlands.pdf"}
,{"Code": "578","Name": "Norway","Weblink": "http://www.unece.org/fileadmin/DAM/stats/profiles2015/norway.pdf"}
,{"Code": "616","Name": "Poland","Weblink": "http://www.unece.org/fileadmin/DAM/stats/profiles2015/poland.pdf"}
,{"Code": "620","Name": "Portugal","Weblink": "http://www.unece.org/fileadmin/DAM/stats/profiles2015/portugal.pdf"}
,{"Code": "642","Name": "Romania","Weblink": "http://www.unece.org/fileadmin/DAM/stats/profiles2015/romania.pdf"}
,{"Code": "643","Name": "Russia","Weblink": "http://www.unece.org/fileadmin/DAM/stats/profiles2015/russian_federation.pdf"}
,{"Code": "674","Name": "San Marino","Weblink": "http://www.unece.org/fileadmin/DAM/stats/profiles2015/san_marino.pdf"}
,{"Code": "688","Name": "Serbia","Weblink": "http://www.unece.org/fileadmin/DAM/stats/profiles2015/serbia.pdf"}
,{"Code": "703","Name": "Slovakia","Weblink": "http://www.unece.org/fileadmin/DAM/stats/profiles2015/slovakia.pdf"}
,{"Code": "705","Name": "Slovenia","Weblink": "http://www.unece.org/fileadmin/DAM/stats/profiles2015/slovenia.pdf"}
,{"Code": "724","Name": "Spain","Weblink": "http://www.unece.org/fileadmin/DAM/stats/profiles2015/spain.pdf"}
,{"Code": "752","Name": "Sweden","Weblink": "http://www.unece.org/fileadmin/DAM/stats/profiles2015/sweden.pdf"}
,{"Code": "756","Name": "Switzerland","Weblink": "http://www.unece.org/fileadmin/DAM/stats/profiles2015/switzerland.pdf"}
,{"Code": "762","Name": "Tajikistan","Weblink": "http://www.unece.org/fileadmin/DAM/stats/profiles2015/tajikistan.pdf"}
,{"Code": "792","Name": "Turkey","Weblink": "http://www.unece.org/fileadmin/DAM/stats/profiles2015/turkey.pdf"}
,{"Code": "795","Name": "Turkmenistan","Weblink": "http://www.unece.org/fileadmin/DAM/stats/profiles2015/turkmenistan.pdf"}
,{"Code": "804","Name": "Ukraine","Weblink": "http://www.unece.org/fileadmin/DAM/stats/profiles2015/ukraine.pdf"}
,{"Code": "807","Name": "The Former Yugoslav Republic of Macedonia","Weblink": "http://www.unece.org/fileadmin/DAM/stats/profiles2015/TFYROM.pdf"}
,{"Code": "826","Name": "United Kingdom","Weblink": "http://www.unece.org/fileadmin/DAM/stats/profiles2015/united_kingdom.pdf"}
,{"Code": "840","Name": "United States","Weblink": "http://www.unece.org/fileadmin/DAM/stats/profiles2015/united_states.pdf"}
,{"Code": "860","Name": "Uzbekistan","Weblink": "http://www.unece.org/fileadmin/DAM/stats/profiles2015/uzbekistan.pdf"}
]