{"countries": [

 {"name":"Albania", "code": "008"} ,
 {"name":"Armenia", "code": "051"} ,
 {"name":"Austria", "code": "040"} ,
 {"name":"Azerbaijan", "code": "031"} ,
 {"name":"Belarus", "code": "112"} ,
 {"name":"Belgium", "code": "056"} ,
 {"name":"Bosnia and Herzegovina", "code": "070"} ,
 {"name":"Bulgaria", "code": "100"} ,
 {"name":"Canada", "code": "124"} ,
 {"name":"Croatia", "code": "191"} ,
 {"name":"Cyprus", "code": "196"} ,
 {"name":"Czech Republic", "code": "203"} ,
 {"name":"Denmark", "code": "208"} ,
 {"name":"Estonia", "code": "233"} ,
 {"name":"Finland", "code": "246"} ,
 {"name":"France", "code": "250"} ,
 {"name":"Georgia", "code": "268"} ,
 {"name":"Germany", "code": "276"} ,
 {"name":"Greece", "code": "300"} ,
 {"name":"Hungary", "code": "348"} ,
 {"name":"Iceland", "code": "352"} ,
 {"name":"Ireland", "code": "372"} ,
 {"name":"Israel", "code": "376"} ,
 {"name":"Italy", "code": "380"} ,
 {"name":"Kazakhstan", "code": "398"} ,
 {"name":"Kyrgyzstan", "code": "417"} ,
 {"name":"Latvia", "code": "428"} ,
 {"name":"Liechtenstein", "code": "438"} ,
 {"name":"Lithuania", "code": "440"} ,
 {"name":"Luxembourg", "code": "442"} ,
 {"name":"Malta", "code": "470"} ,
 {"name":"Moldova, Republic of", "code": "498"} ,
 {"name":"Montenegro", "code": "499"} ,
 {"name":"Netherlands", "code": "528"} ,
 {"name":"Norway", "code": "578"} ,
 {"name":"Poland", "code": "616"} ,
 {"name":"Portugal", "code": "620"} ,
 {"name":"Romania", "code": "642"} ,
 {"name":"Russian Federation", "code": "643"} ,
 {"name":"Serbia", "code": "688"} ,
 {"name":"Slovakia", "code": "703"} ,
 {"name":"Slovenia", "code": "705"} ,
 {"name":"Spain", "code": "724"} ,
 {"name":"Sweden", "code": "752"} ,
 {"name":"Switzerland", "code": "756"} ,
 {"name":"Tajikistan", "code": "762"} ,
 {"name":"The former Yugoslav Republic of Macedonia", "code": "807"} ,
 {"name":"Turkey", "code": "792"} ,
 {"name":"Turkmenistan", "code": "795"} ,
 {"name":"Ukraine", "code": "804"} ,
 {"name":"United Kingdom", "code": "826"} ,
 {"name":"United States", "code": "840"} ,
 {"name":"Uzbekistan", "code": "860"} 
]}